geo,name,gdp_pcap_pp_1950,gdp_pcap_pp_1955,gdp_pcap_pp_1960,gdp_pcap_pp_1965,gdp_pcap_pp_1970,gdp_pcap_pp_1975,gdp_pcap_pp_1980,gdp_pcap_pp_1985,gdp_pcap_pp_1990,gdp_pcap_pp_1995,gdp_pcap_pp_2000,gdp_pcap_pp_2005,gdp_pcap_pp_2010,gdp_pcap_pp_2015,gdp_pcap_pp_2020,gdp_pcap_pp_2025
AFG,Afghanistan,1728.97632,2009.69896,2277.64036,2359.7174,2477.91301,2228.08567,2251.28484,3068.05058,2412.90304,1689.0634,1426.50934,1855.22812,2848.58606,2967.69207,2769.68575,2092.54588
AGO,Angola,2490.89782,2866.63152,3299.10986,4432.34698,5177.92272,4130.95715,3728.6418,4028.06224,4974.52806,4176.13396,5352.49132,7592.30709,9672.83922,9980.92988,7556.96793,7457.17479
ALB,Albania,2169.30253,2395.99947,2898.16273,3292.5959,3876.52082,4248.82637,4416.59612,5161.52412,5490.45562,5095.58379,6558.42258,8977.57267,11828.37497,13156.33221,14662.79552,20361.79277
AND,Andorra,9702.54131,14615.97003,22016.56207,33160.26538,49938.69251,52278.05928,50134.87077,44393.44628,46235.61393,42152.12008,52814.6954,64175.8719,58285.05778,62105.15424,55488.4903,67385.01529
ARE,UAE,1839.0299,2018.7888,3066.57278,15351.70704,77424.23701,74397.16075,86120.31136,73827.44139,74726.8204,83835.62829,88047.22698,89813.8553,68799.93085,70234.73175,65784.67694,72660.14487
ARG,Argentina,10447.64488,10859.99542,11545.68452,12916.76444,14600.20015,15710.97534,15887.01022,15347.53371,15986.19359,20052.88124,21810.83619,23052.59,28056.25702,28669.20613,23877.09314,28467.05855
ARM,Armenia,4747.14916,5571.9747,6664.54908,7585.01784,8805.06468,8890.36899,8111.70862,8680.52873,7590.79331,3950.03629,4860.71825,8511.01241,10438.56419,13112.76009,15052.93598,21539.01147
ATG,Antigua and Barbuda,4270.78131,4621.3325,5000.94471,5675.52208,6431.98775,7466.27538,8642.1755,13664.53219,21696.89565,22043.3636,25853.23485,27830.44701,25826.60864,25734.15164,23930.6715,30870.84372
AUS,Australia,14958.37583,15796.24131,16711.75944,18628.36629,21583.35614,22732.48554,24128.36428,29895.88309,36304.91547,39087.28166,45546.30419,50323.82948,52589.81821,55691.69885,57059.74364,61942.61476
AUT,Austria,7704.5208,10303.01567,13101.66148,15303.73699,19019.11271,22384.13982,26039.61845,32424.94522,41070.5472,45065.66395,52517.46107,56453.61958,59803.37263,61025.99945,60349.90228,64665.01876
AZE,Azerbaijan,4124.17598,4940.42419,6044.16273,7261.71523,8932.64215,9899.01076,10058.45117,12089.217490000001,10510.32985,4166.54567,5652.91901,10056.51613,19925.3901,20678.75396,19126.09685,23177.53343
BDI,Burundi,737.98584,805.64367,844.3823,785.82193,969.33498,917.35684,975.87089,1238.92647,1425.29552,1155.95167,988.06467,937.35638,947.62142,918.55719,833.92026,848.37448
BEL,Belgium,11122.63378,12523.94384,13587.61433,16388.84663,19910.4411,22878.96868,25986.23388,31278.09864,40148.03257,43182.34357,49661.30813,53931.0984,56265.01535,57534.39661,57358.83703,65096.12262
BEN,Benin,2052.8025,1807.68774,1765.88782,1771.12698,1803.2995,1812.22597,1927.36478,2173.85368,2265.51561,2331.84615,2538.05058,2623.1785,2733.574,2952.00218,3317.85972,4143.14163
BFA,Burkina Faso,906.05248,975.27481,1036.94726,1001.65336,1021.76542,961.6828,992.57328,1151.05601,1255.67978,1260.91111,1464.85074,1670.88941,1873.97146,2101.70266,2380.93172,2661.1876
BGD,Bangladesh,1185.91805,1133.04933,1233.99406,1328.01562,1371.21622,1134.77014,1206.12303,1504.68649,1829.34738,2159.53526,2594.17073,3179.34961,4125.4639,5352.71133,7015.19793,8950.44644
BGR,Bulgaria,3106.28601,3798.86269,4841.60394,6017.33973,7012.66668,8678.3631,9838.53758,12674.67316,14014.28542,13094.85201,12360.28586,17522.70718,21715.87944,24553.14368,28545.70853,36210.72816
BHR,Bahrain,5225.17953,6754.15639,8236.43416,9928.5023,12801.28629,14168.41305,17826.64271,22946.268,26751.98349,40335.86077,50712.61814,51742.52452,50704.84797,54149.91315,53814.24526,60839.23381
BHS,Bahamas,13554.36177,16078.25251,19051.14672,24396.25192,26749.43601,17213.91559,26066.10447,31460.90827,35265.52856,31608.20591,35809.90008,35913.06617,32711.37709,32777.39561,26452.52516,37464.41295
BIH,Bosnia and Herzegovina,2305.24745,2347.92853,2735.14121,3124.80559,3420.56189,3880.13919,4477.33639,4294.06615,3382.69127,3319.95497,8042.28229,9876.18345,12138.82997,14219.54278,16746.39041,21620.74836
BLR,Belarus,4871.17755,5578.83389,6528.15996,7580.68489,9211.70496,10378.71184,11204.9959,12794.0329,13133.98655,8319.6245,11318.10471,16600.19864,24012.6133,25513.21329,26731.49538,28456.77856
BLZ,Belize,2576.01332,2706.28417,2839.0328,3067.0754,3590.74741,3881.79087,4194.47613,4502.52315,7813.02511,9573.33828,11031.56911,12529.80251,11868.43824,12339.48074,10032.5445,13847.69431
BOL,Bolivia,4061.7988,3965.45895,3484.55504,3942.68871,4216.31321,4863.8057,4821.19094,4461.92617,4992.35571,5558.38215,6060.87479,6531.13931,7571.67809,9141.92841,9000.97565,10089.6259
BRA,Brazil,2857.87319,3348.71693,4108.84488,4489.5453,5615.26096,7881.99124,9746.89919,10745.86362,11974.05883,13191.52124,13877.23439,15212.23538,18062.15811,18357.06906,17327.51572,20500.23168
BRB,Barbados,4238.72647,5000.40812,6223.42374,7324.19378,11006.99101,10564.65312,12795.28743,14109.43403,17083.36508,15794.43109,18548.02361,19260.31628,19253.40887,18464.66309,15749.03802,21036.46289
BRN,Brunei,77433.304,85245.36981,93769.71123,102962.7801,112970.0072,132420.06,176249.2016,124411.9412,116695.1293,107108.8942,101598.6423,100544.8503,88586.51319,81910.1884,80280.89795,82692.81626
BTN,Bhutan,1078.56668,1114.65268,1152.00888,1216.47382,1284.08755,1141.62022,1317.8373,1923.3068,3332.64105,4230.69741,5180.90553,6795.21887,9985.28456,12400.29832,12979.93695,16920.9576
BWA,Botswana,651.87446,704.57112,750.5201,823.88734,1233.99617,2360.56032,3353.44219,5465.33451,9377.62142,10730.52132,12805.35493,14266.72898,14545.01981,15994.9643,16289.39136,18189.03301
CAF,Central African Republic,1602.93174,1718.27646,1764.90321,1576.47412,1557.26076,1331.36255,1203.29169,1349.84774,1447.41467,1328.33636,1251.66767,1214.27096,1479.41368,1043.92172,1136.57053,1135.80389
CAN,Canada,14765.18115,16180.62199,16868.0057,19669.17274,22080.97828,25045.71822,27604.60684,34269.62462,40388.54831,41665.45111,48531.94581,52476.82097,52558.44081,55660.86753,54092.87903,58422.42505
CHE,Switzerland,15688.85347,19152.94079,22437.85557,26966.91019,31863.78266,32786.98397,36295.72045,45297.56304,58149.84624,58305.71879,65911.90228,69407.28865,74290.26196,76566.07725,77324.88709,84310.9311
CHL,Chile,7142.98415,7338.72744,7537.58237,7677.37097,8360.09347,6581.96506,8417.02994,8433.43664,11657.76447,15580.62376,17899.00288,21053.24367,24116.76947,27811.37452,26248.56164,31425.36958
CHN,China,848.50597,1064.12798,913.00393999999994,954.26984,947.25549,966.91149,1041.07576,1617.48636,2137.8588,3222.91661,4330.14292,6453.21746,10476.31236,14856.78076,19215.15417,25504.91715
CIV,Cote d'Ivoire,2243.50789,2444.07575,2741.57113,3442.0958,4073.09591,4232.76929,4405.9324,4440.82213,4382.00012,4136.58843,4549.02362,3956.21195,4338.65248,5110.86241,5787.81533,7143.2159
CMR,Cameroon,1445.72526,1633.59337,1812.67741,1931.1579,2068.44162,2183.57652,2719.18103,4404.21027,3848.34316,3188.06737,3621.82516,4096.94001,4286.58303,4698.66678,4763.48194,5107.23253
COD,"Congo, Dem. Rep.",1278.34618,1709.85754,1809.35299,1789.61303,1911.9041,1936.90458,1583.39289,1777.66353,1781.63771,1094.0399,828.85463,896.68398,1031.25015,1267.90549,1277.63286,1565.63762
COG,"Congo, Rep.",2227.41086,2421.09202,2591.03068,2704.73993,3377.23557,3879.64111,4369.01099,5815.96324,7454.49302,7028.46819,7242.9104,7763.52189,8583.6618,8977.70682,6350.50913,6377.20603
COL,Colombia,4311.59595,4631.91539,4666.8532,4847.31054,5415.05439,6148.45304,6949.00403,8094.87593,10076.56366,11360.93228,10888.18673,12049.36378,14037.06427,16821.38014,15861.49993,19301.99344
COM,Comoros,702.66356,778.47027,880.34954,1142.63217,1251.21098,1372.32816,1429.82431,1834.54069,2069.78692,2072.25939,2273.33458,2377.91779,2652.35554,3105.59296,3424.53969,3717.61456
CPV,Cape Verde,1194.51847,1157.70892,1198.28094,1150.25198,1348.63827,1163.60868,1214.2351,1721.31454,2043.33713,2863.98683,4548.5827,5610.24679,7072.1215,7560.13649,7207.86854,10625.35184
CRI,Costa Rica,3992.95666,4946.55091,5331.41593,5924.04508,6899.90299,7923.55225,8706.23705,8809.87035,10704.10096,12339.654630000001,13782.50564,15556.8969,18660.91982,21254.78409,22211.86139,28390.39988
CUB,Cuba,3738.63814,3851.40561,4503.00148,4784.46533,4750.01383,6137.98417,6954.92651,8934.07077,8471.93653,5297.96321,7647.73734,9263.86702,13316.87827,15970.94142,14939.77245,15295.86616
CYP,Cyprus,3674.42399,4232.73601,4327.03082,5791.29336,7794.31448,7059.36172,11911.00284,17244.95414,25494.36518,29909.31259,35146.08645,40867.72119,42103.49219,37903.125,44203.89063,55720.00354
CZE,Czech Republic,7863.54922,8671.15839,11088.73092,11925.57213,13797.86745,17763.23107,20566.93729,22035.01643,24986.32037,25066.20402,28370.00746,35070.80206,39097.38862,42066.57598,45119.93873,50179.53386
DEU,Germany,7854.39541,11505.69772,15008.53361,17630.91694,20365.9555,22281.95624,25805.79508,31941.42573,39759.50503,43965.05515,49166.3611,51073.62335,54865.43053,59699.33812,60342.6627,64355.00745
DJI,Djibouti,4807.93824,5339.04971,5912.81495,5973.2889,7188.75025,6825.47856,4395.78281,3980.54516,3044.7133,2748.777,2521.51529,2968.8721,3762.14345,4961.86819,5791.47768,7352.87525
DMA,Dominica,1411.16917,1689.64107,1933.07354,1939.57984,2497.8932,3446.12334,3962.33673,5838.4442,9089.07232,10632.87836,12874.84616,14528.24573,17516.78796,16920.91266,14919.53077,19949.18463
DNK,Denmark,14103.30389,14700.16926,17159.03039,20861.73305,24047.36956,25135.06469,27653.15849,36699.50547,43847.72888,49167.47801,56639.72033,60326.06387,59696.35452,61893.24606,65204.54932,77336.97179
DOM,Dominican Republic,2120.79198,2406.25896,2685.06752,2608.07612,3243.68228,4361.72475,4932.7044,5644.89192,6665.59455,8156.58946,10613.62976,11937.99638,14975.00101,17973.18703,19545.40996,25662.87388
DZA,Algeria,3025.42858,3267.17552,4817.39614,4327.74364,5261.56648,5946.10935,7360.63927,9520.83224,9808.17009,9650.07633,11174.92144,13707.76136,14496.42113,15239.51715,14194.15575,16189.46985
ECU,Ecuador,3808.43344,4251.49015,4519.08842,4901.77672,5236.29392,6577.40633,7320.96798,8197.46344,8869.60584,9482.59963,9189.07161,10685.98054,11665.69786,13881.57007,12440.32637,14442.50999
EGY,Egypt,1889.69328,1820.41979,2036.91939,2460.74198,2693.03494,2932.1491,4202.91027,5921.01005,7143.51701,8014.82187,9804.51932,10701.49106,13128.98783,13425.91196,15309.23599,17541.37397
ERI,Eritrea,941.61481,950.92236,925.38622,1014.32784,1071.1095,986.70439,949.0696,775.43203,826.75314,1424.24426,1470.36504,1406.10549,1306.466,1603.317,1912.47217,2441.67773
ESP,Spain,4528.78243,5829.11517,6713.18452,9909.73808,12715.64071,16208.59331,17327.13369,21081.35002,29891.57274,32419.39467,39364.63231,43400.49882,42695.52742,43053.76143,41553.44779,50242.02774
EST,Estonia,8171.50565,9272.08402,10743.00219,12600.21452,15120.4566,16891.97026,18192.18368,19755.82108,20345.04717,15335.05271,20974.85794,30444.97207,30379.10913,36729.80725,41340.76465,42892.09544
ETH,Ethiopia,750.02302,799.47738,812.72881,936.69011,967.82704,913.95596,901.15744,832.26998,962.09165,805.14145,838.63896,962.42678,1381.19045,1957.41454,2516.54908,3106.93422
FIN,Finland,8612.14494,10325.86653,11952.65115,14338.61694,17453.05519,20463.75311,22818.36187,29459.73968,37953.94831,36481.51624,46480.58365,52477.08912,54017.94586,52782.48739,55424.8575,57574.23612
FJI,Fiji,3190.85695,3445.63419,3716.37951,3586.8484,4423.58696,5238.60359,5586.27003,6081.68925,8052.19916,8818.33069,9351.40908,10112.25152,10167.34962,12131.09169,11254.96982,14765.58232
FRA,France,10318.84895,11952.98717,13827.29748,16622.09477,20137.54901,22448.95491,25027.44267,30236.83998,38340.95776,40292.26927,45733.71556,48195.83192,49130.42294,50682.89536,49311.33341,56112.81238
FSM,"Micronesia, Fed. Sts.",1523.38267,1666.58319,1823.26239,1987.88005,2167.65556,3335.90852,2937.6096,3034.39324,3271.86668,3793.82835,3685.98012,3787.95304,3842.23613,3788.9341,3850.53053,3967.76263
GAB,Gabon,3882.13014,4471.71297,5135.91834,6634.52747,8419.75817,16430.257,14105.48622,17064.36887,18735.95954,21328.4122,20439.64102,20089.26663,18530.57609,20147.71162,18681.48407,19542.93836
GBR,UK,13846.21386,15234.74024,16107.12216,17554.44654,18739.87041,19879.80541,21237.59308,26888.46795,34496.95059,36792.38627,43163.51653,47788.26355,47013.88241,49983.34859,47144.72215,53993.24847
GEO,Georgia,4241.64198,5235.80894,6566.7348,7780.97589,10394.2261,11620.18845,12337.08029,16003.06383,13783.49522,3968.25928,5817.64099,8531.25642,11294.36859,14936.84341,17031.14403,27204.56113
GHA,Ghana,2120.77472,2345.80395,2663.85574,2627.55885,2668.07401,2305.14723,2120.07511,2067.87633,2624.40597,2909.96893,3247.06701,3683.02601,4495.68917,5607.36636,6412.68542,7404.44027
GIN,Guinea,779.02071,948.86884,1159.46738,1325.12115,1322.36654,1488.8086,1596.71053,1608.45858,1771.44373,1915.86853,2188.59249,2421.05132,2594.8305,2869.85157,3630.99331,4320.52378
GMB,Gambia,1372.3271,1535.35927,1706.61741,1945.6445,1975.95422,2098.56803,1846.03456,2196.46783,2401.07258,2286.40783,2538.65544,2606.00889,2824.21259,2495.95742,2702.3192,3199.30847
GNB,Guinea-Bissau,647.575,893.20066,1176.95319,1557.6652,1575.7643,1634.06783,1394.89211,1596.35078,1869.81915,1924.86871,1903.68346,2004.37282,2138.02686,2203.48514,2413.67908,2838.37582
GNQ,Equatorial Guinea,920.9797,983.5472,1100.88969,1468.31309,1365.15297,1892.68494,1616.58724,1652.00685,1528.37002,2277.44211,12428.04693,32249.49451,33668.87407,27797.79428,17089.153730000002,14767.56593
GRC,Greece,4046.45724,5209.09933,6440.96328,9290.83149,12903.7381,15881.5749,18240.18704,21280.52509,25181.86487,26552.61526,30878.47385,37901.02852,37566.74837,31347.97657,30487.11293,39621.40673
GRD,Grenada,2009.34431,2142.46621,2283.59974,2468.46758,2667.10144,3667.06132,4789.45957,5965.89483,9104.65452,8911.1178,11784.00236,14316.43725,13363.09203,15145.97202,14656.72088,18821.06954
GTM,Guatemala,4229.43207,3938.70348,4240.66691,4618.76667,5378.6663,6079.32745,6931.89294,6621.1339,7388.6505,8005.50984,8628.76971,9031.22567,9825.0174,10785.95815,11097.15007,13328.77649
GUY,Guyana,5315.22643,4597.39236,3975.85802,3990.38152,4470.82771,5070.50176,4716.8932,4568.54235,4685.76954,6642.9817,7728.71826,8099.96146,10374.39476,12040.08253,19234.1302,79370.52198
HND,Honduras,2664.18683,2500.87653,2693.70365,2816.43951,2824.62286,3021.48652,3527.61978,3757.23116,4286.05578,4412.20306,4561.67337,5062.7798,5396.07228,5812.53489,5603.26398,6863.33285
HRV,Croatia,4146.40723,5341.8298,7377.48015,10029.14735,13303.92869,17170.57877,22530.01634,22817.67189,21461.25297,16595.35979,20744.13228,27321.1578,28704.52721,29471.75209,32493.62543,45156.1289
HTI,Haiti,2440.04239,2445.94101,2517.0988,2270.45964,2242.62673,2503.84398,3022.82263,3177.25055,3313.01695,2813.1864,3044.25409,3055.95983,3195.24821,3422.09749,3229.47554,2808.66975
HUN,Hungary,5062.33695,6137.43383,7142.42813,8453.05409,9438.91891,11470.68766,12728.63008,16087.45254,18794.3011,17651.42471,21395.97367,27496.65624,27801.83382,31485.56754,36119.52117,42498.58738
IDN,Indonesia,1564.67574,1797.55399,1804.82933,1691.54813,1868.39696,2277.51597,2772.21041,3504.05483,5005.11544,6519.85186,6206.67205,7239.70057,8848.22474,10893.66211,12388.54493,15391.06911
IND,India,1196.95358,1247.41922,1318.57799,1310.41647,1418.27406,1398.23066,1393.44577,1804.14789,2356.2242,2661.22006,3176.02294,3925.41317,5059.28271,6488.14603,7399.53068,10607.6231
IRL,Ireland,7202.27389,8083.39723,8656.34681,10155.57393,12299.18066,14335.60563,16463.18209,20312.53712,28251.92424,35306.3914,53465.98999,63909.85596,59285.80833,81053.35278,101970.8126,119406.2256
IRN,Iran,3907.13389,3528.09934,5429.68782,7279.74175,8908.39104,11965.61209,7399.29741,8863.40342,8576.4415,9732.6873,11078.79502,13332.7353,14737.15585,13905.19212,14397.15357,16539.72286
IRQ,Iraq,2916.24002,4924.57792,5874.71704,7077.55076,7492.61269,9485.59851,14456.32153,9332.61891,8742.39254,5022.98673,11077.40844,9965.0217,11816.84102,13516.0272,12827.63454,12554.13117
ISL,Iceland,10754.69156,12506.75254,13177.58705,16518.42322,16924.38097,21066.28399,26581.9991,32291.65491,39620.7749,38208.27994,47246.03444,54980.31234,54588.97093,59978.33157,59627.24234,67443.7438
ISR,Israel,5679.95137,7268.585,8927.17992,11276.94607,14146.99493,17008.38334,17286.29207,21034.0956,26020.57897,29837.22004,33488.81062,33568.67104,37722.40999,40967.37076,42915.94169,49539.47269
ITA,Italy,7150.02462,9263.93065,11440.25145,14180.81711,18366.15499,20134.06953,24145.84157,30887.46672,40221.91788,43778.58017,49342.92612,51210.1026,49301.69591,47311.82553,45505.06887,54773.81941
JAM,Jamaica,2753.21055,4132.6914,5311.62288,6054.41856,7134.80315,7000.8378,5498.09116,6428.58869,8541.40037,9826.48316,9400.15259,10069.94372,9654.07238,9778.11854,9178.32078,10741.48565
JOR,Jordan,3491.04275,3296.53786,4843.04962,6478.79478,4872.83698,4556.82386,7488.17011,8951.25792,7724.41779,8071.73937,8357.11725,10046.66254,10953.53763,9581.68923,9022.6393,9977.12098
JPN,Japan,3800.88778,5227.44958,7244.5024,10338.50823,16115.85247,18036.67411,20465.71501,27037.97463,36561.82247,38489.46041,39728.19279,41444.59908,40881.79724,43386.71007,42992.47964,47815.39888
KAZ,Kazakhstan,7342.11195,8635.99813,10375.2474,12333.06572,15160.26024,16614.54741,16433.70897,16011.9355,16557.069,10523.87527,12862.60587,20549.64174,26374.84077,30893.75949,32011.54915,38237.52103
KEN,Kenya,1463.65487,1642.5826,1694.64041,1780.97206,2051.9858,2125.8605,2398.15799,2784.54056,3555.92601,3504.63937,3555.83431,3766.38292,4211.52463,4679.62183,5057.40115,6158.76678
KGZ,Kyrgyz Republic,4122.79822,4790.05607,5555.04428,6155.0483,6798.12239,7041.98025,6849.85288,6471.15557,6508.76799,3118.39356,3730.63998,4196.50495,4876.47965,5600.21433,5537.79547,7567.34334
KHM,Cambodia,1187.50602,1374.29022,1915.60514,2109.40583,2137.11796,1733.01643,1849.6143,1960.52829,2398.05802,1723.22113,1961.44747,2787.71365,3711.53751,4968.57277,6128.78244,7412.02083
KIR,Kiribati,2528.6677,2877.58376,3272.90986,3716.16398,4215.78363,7613.31351,2300.78324,2260.71261,2316.69618,2499.6104,2505.66286,2212.14122,2119.64018,2615.84119,2834.68581,3420.85689
KNA,St. Kitts and Nevis,4068.97416,4088.41871,4107.29675,4180.89368,4256.39163,5165.92433,7021.27124,9794.58454,15908.90989,17959.96491,20983.72711,23227.34239,24997.56725,28729.56645,26736.92836,32676.06378
KOR,South Korea,1239.5945,1693.30884,1762.64108,2028.542,2906.42118,4041.4232,5359.56758,8816.33771,15042.97471,20914.21995,25861.5996,31672.64627,37610.97291,42459.90289,46361.59578,54667.24252
KWT,Kuwait,7174.22868,20941.21802,38862.0991,72210.40147,100688.818,63279.25611,50509.62239,33364.07627,28477.12306,56907.2168,58580.26386,78600.30407,62956.21532,57763.51744,49372.57295,46572.35764
LAO,Lao,894.09847,927.83709,950.01954,978.1962,1006.0572,1146.4464,1166.83153,1734.01799,1997.54628,2376.23618,2916.10923,3651.7154,4946.10564,6703.74124,7995.59502,8943.6912
LBN,Lebanon,5295.81817,9702.8898,8141.30549,9316.46947,10162.90176,8367.6399,7076.24517,10894.6093,4962.6449,10137.14874,11315.07118,13041.6867,17390.7584,14980.02052,12507.43664,10819.79651
LBR,Liberia,1858.86353,2599.74273,3635.91093,4507.02313,5369.04372,5155.98894,4829.9718,3765.16398,1970.51446,528.23223,1773.49234,1309.06143,1538.85083,1714.09048,1497.37692,1751.85031
LBY,Libya,2292.79003,2477.08763,3308.46065,8471.03186,12522.89915,13847.06783,18679.1404,14816.48596,13562.45979,15401.70596,16980.38363,20743.89301,21109.96793,12192.13862,9976.0374,14636.39331
LCA,St. Lucia,1725.20174,2009.95944,2487.0258,2931.95258,3400.21225,3912.04688,5023.64392,7560.79687,13287.91677,15217.84046,17094.41493,18740.06188,20849.05512,21142.97333,17142.04406,25491.65151
LKA,Sri Lanka,2386.6363,2405.16372,2172.89477,2179.64751,2472.25769,2447.68131,2831.68592,3863.14653,4725.14235,5677.24265,6608.71259,7533.6151,9832.18622,13329.77934,13886.65137,14379.8147
LSO,Lesotho,726.97523,769.39751,808.06084,973.91647,932.72681,1024.04155,1181.69751,1391.09114,1673.41253,1858.31787,2018.82258,2302.38253,2651.37805,2986.95867,2517.11042,2716.15309
LTU,Lithuania,8187.61696,9392.7416,11000.85548,12968.55394,15646.80028,17326.86656,18109.18927,19044.71571,19949.09441,11923.94361,15572.75456,23794.49118,26887.49131,35251.29869,43091.79737,49761.39795
LUX,Luxembourg,17953.4896,18628.88675,21338.36165,24154.01342,28100.0527,30949.99084,33965.56228,45501.55151,70450.73731,82523.00094,105744.8971,119947.1266,131432.0596,130097.2562,129865.63,131037.5237
LVA,Latvia,6155.93827,7381.40277,9022.76433,11019.02301,13766.3362,15624.87597,16488.69008,16902.33881,18469.45244,10898.90733,14631.5001,23183.29827,24119.73078,30599.61331,34225.8976,40852.07026
MAR,Morocco,2722.02033,2546.04828,2188.45529,2437.59664,2649.25657,2888.1817,3317.33688,3886.80894,4707.6158,4661.20989,5262.19116,6201.10325,7210.63672,8198.80859,8054.56299,9582.50716
MCO,Monaco,18325.61443,25293.10145,34904.26718,48160.51026,66449.31625,86547.89318,111555.3857,130554.6457,166038.445,190296.1471,238547.0417,278689.2909,317914.6823,345111.166,332201.78,475911.3352
MDA,Moldova,4895.38593,5798.65889,7014.93299,8693.98111,11140.80947,12783.16853,13523.48091,14192.78652,15057.0714,6025.91653,5439.47218,7928.45439,9649.95099,11691.07975,13559.26002,17488.86301
MDG,Madagascar,1929.73698,2084.09709,2175.46019,2053.9904,2299.42762,2045.19482,1861.17224,1699.01582,1882.9049,1627.41075,1694.67393,1652.10454,1635.24511,1627.58061,1545.72714,1720.26523
MDV,Maldives,1972.80909,2272.11889,2613.29283,2912.20701,3237.97352,2838.14749,4016.20403,6514.98416,8823.64682,10783.17689,13643.94781,13823.02455,16730.01442,18829.44816,14242.97508,24629.31592
MEX,Mexico,4639.53175,5355.35155,6195.71106,7463.4367,8762.4808,10223.41675,12441.44918,14303.97823,15841.15468,16144.99144,19908.14321,20124.2296,20058.38548,21408.92832,19728.48178,22374.76858
MHL,Marshall Islands,1806.81271,2028.04112,2274.83666,2555.25356,2869.32766,3255.91954,2807.08848,2863.01797,3900.02392,4711.424,3800.07744,4074.82182,4269.35843,4670.10918,6417.18441,7990.57932
MKD,North Macedonia,3097.57682,3735.23044,4860.58178,6711.22549,8937.43944,11052.65784,13618.21783,13661.9787,12713.52078,10254.374460000001,11809.58873,13252.08051,16730.16875,19214.0158,20970.28714,26049.02092
MLI,Mali,953.33175,1025.72753,1092.76791,1027.12129,1066.06742,1106.25572,1259.57579,1250.14599,1608.62074,1648.98994,1854.02231,2280.77116,2594.41565,2686.55974,2796.41038,3038.49667
MLT,Malta,2014.52449,2396.99697,2895.57557,3006.62798,4546.48194,6565.24025,10430.15972,12944.76512,18050.97561,22211.29199,30472.6794,32482.84961,37492.67548,46127.62084,50392.95912,63314.49955
MMR,Myanmar,763.4792,856.86266,985.52672,1052.32577,1031.36192,1004.47606,1166.11196,1231.83888,965.91875,1113.44753,1480.20467,2465.03768,3893.79031,5313.88616,5926.8345,5493.95419
MNE,Montenegro,2895.36919,3393.08952,4201.909,6980.69912,9504.00977,11494.76094,17762.25799,18484.67943,16673.21876,9006.08142,13282.74747,15972.78646,19481.40719,21138.97652,21039.32187,29492.07923
MNG,Mongolia,1021.47869,1260.57885,1554.70909,1915.29694,2361.33947,2842.03099,3530.95059,4610.62846,5205.57521,4754.97625,5499.26802,7418.6352,9507.11882,13974.59673,14801.34208,18091.8807
MOZ,Mozambique,525.44645,522.76441,524.0759,549.57223,615.21401,596.24024,511.71134,425.12181,582.81382,530.06295,719.34845,973.32303,1224.23021,1512.59975,1466.12477,1530.91465
MRT,Mauritania,1030.98896,1256.39035,1576.20345,2655.99793,3426.01966,3962.75918,4126.21782,3885.53542,4140.43936,4507.08771,4556.78573,5238.92547,5605.76389,5969.5424,5963.2355,6709.96294
MUS,Mauritius,4677.9026,4660.46753,4442.78445,4989.37956,4192.21312,4987.07644,5398.76295,7058.08805,10441.21825,11799.63417,14021.36627,15487.53309,18819.99841,22335.28362,21994.66598,28927.4972
MWI,Malawi,601.65645,625.35205,646.10422,652.00121,765.91117,955.25034,1036.86472,1126.13231,1075.74189,1155.50842,1246.68825,1215.72811,1504.37514,1597.69145,1656.43985,1689.43091
MYS,Malaysia,3116.47406,2828.05971,2898.57836,3336.40336,3761.14914,4986.49036,6616.35607,8643.48823,11691.29277,16369.07855,18455.11576,20777.09389,23307.96985,27699.62789,29200.45263,35989.79488
NAM,Namibia,5222.33945,5516.76958,6169.07897,8201.64025,8145.76693,8434.27018,8610.28502,7494.76676,7106.51469,7511.34524,7874.98348,9234.0936,10614.62016,12166.56584,9652.24827,10740.46072
NER,Niger,1290.9403,1409.10296,1566.53136,1884.98791,1669.1507,1279.08388,1468.95174,1255.96251,1336.25617,1197.61746,1148.48705,1216.43613,1336.5641,1471.66135,1615.69272,1870.05045
NGA,Nigeria,1738.22425,2072.3506,2195.32862,2470.26044,2779.17632,3512.51022,3589.93327,2835.54653,3225.87858,3049.41546,3226.14641,4379.91111,5359.51848,5985.09435,5410.69355,5848.08157
NIC,Nicaragua,3527.45101,4679.9372300000005,4544.11015,6457.29589,6770.69502,7769.72857,5424.42236,5018.38446,3847.98763,3863.21974,4710.4306,5290.82139,5701.1279,6939.03286,6523.36985,8023.40633
NLD,Netherlands,12122.90132,14474.91305,16060.59518,18655.77164,22540.84559,24732.97199,26844.31232,32093.51149,41198.9813,45424.09257,55211.00112,58119.36479,61518.55401,63081.39414,64862.19225,73384.1408
NOR,Norway,11506.60084,13333.31622,15117.56935,18169.55055,20892.76656,25513.43481,31197.84967,42495.10269,51326.55588,63662.03669,76788.74651,84553.41831,83256.78807,85550.29426,86096.05089,94895.85433
NPL,Nepal,1013.47184,1098.95523,1171.85458,1184.55351,1195.72137,1149.87321,1124.98321,1457.33184,1793.20863,2025.49153,2326.07294,2570.84456,3085.31407,3745.26182,4412.54204,5329.63699
NRU,Nauru,5329.11775,9878.5373,18302.56919,34037.47152,63277.16082,65890.49517,52989.85406,41330.37147,31401.73198,14772.40575,9045.88119,7240.16555,6966.78567,11344.10275,11441.25845,12938.44098
NZL,New Zealand,16929.14984,16971.91737,18228.2555,20467.16361,20493.28379,22346.07074,21521.14485,27217.44538,30241.42029,32397.31314,35871.34674,40817.84481,41270.92851,44963.83392,46104.60579,49598.26506
OMN,Oman,1324.27204,1627.21191,1984.33597,2233.16792,8054.07703,9666.82977,11378.86356,22051.8013,26933.16211,33914.8592,40524.4461,41481.61379,48191.61451,39813.78871,37560.59987,37310.77532
PAK,Pakistan,1274.18631,1219.04508,1198.75564,1398.21184,1674.52865,1675.93358,1888.25767,2581.70245,3250.23643,3559.07166,3621.88037,4114.79452,4228.78177,4645.28631,5135.01459,5717.17543
PAN,Panama,3330.4518,3515.77536,4022.75652,5098.38877,6588.63284,7186.77903,8595.3159,10693.95358,10780.16822,12911.65928,14371.4668,16743.71687,22739.11062,29933.15557,26881.79871,38412.09464
PER,Peru,4606.9762,5241.5302,5617.89644,6520.72576,6787.32166,7456.14071,7026.32556,7083.96092,6341.64348,7413.87861,7724.22627,8986.11141,12059.01802,14542.79309,13609.59996,16370.68024
PHL,Philippines,2137.01665,2626.23266,2763.68961,2962.76331,3098.11694,3451.22109,3907.62066,3694.18579,4553.02619,4556.37461,4827.84656,5447.69536,6273.03928,7691.76309,8455.18457,11116.63775
PLW,Palau,11951.21414,15651.78898,20497.26003,26419.57032,34038.00373,63245.6131,21086.498200000002,15760.98465,18619.06658,16396.83946,15586.24569,17474.70511,16530.84558,20021.31442,18160.25457,18884.74308
PNG,Papua New Guinea,1213.66886,1279.6253,1349.98822,1815.6501,2348.32337,2652.37527,2597.66478,2921.5969,3105.03102,4002.47127,3350.12137,3161.25688,3579.17141,4154.52333,4077.63132,4521.77359
POL,Poland,4926.22454,5471.55934,6123.0256,7013.46672,7975.84064,10039.89642,10432.47928,11141.19067,12235.11832,13853.44664,18334.49982,21513.65483,27112.13338,31700.36824,37852.80213,47891.51537
PRK,North Korea,1285.18223,1322.74616,1402.57326,1522.51931,1623.06575,2247.00413,2470.51541,2673.13926,2597.3189,1876.20267,1672.45101,1782.7741,1686.7512,1698.31089,1445.36,1542.77448
PRT,Portugal,4237.81732,4978.40397,5852.01875,7723.026,10451.781070000001,12108.75195,14467.33708,17385.87359,25935.18916,28616.71679,34490.82,35622.73481,36703.11402,35803.35741,36852.22839,43664.4989
PRY,Paraguay,3181.88414,3076.51926,3155.52316,3450.3299,3699.47899,4565.6982,6638.41314,7538.47825,9001.17585,10007.78061,9409.92057,10098.54606,12738.57656,14427.60023,14991.66062,17153.71862
PSE,Palestine,2494.77287,2408.78669,2376.04697,2694.71408,2828.47543,3604.65553,4338.0177,3591.60515,3936.40643,4657.96039,4829.81047,4964.9129,5432.24363,6072.65032,5423.68255,3909.19827
QAT,Qatar,2495.63996,8193.7557,27934.23391,69032.84553,91298.09488,98843.28341,86283.12651,53009.6967,46346.06661,56106.16731,87743.72295,107403.6527,129045.0056,123070.8879,103061.9134,116057.3359
ROU,Romania,2321.85651,2977.53046,3342.57804,4405.96472,5475.92876,7870.71523,9799.77409,12761.75967,13052.9344,13025.89439,13926.91126,20120.47984,24900.23033,29178.74452,35482.19631,42605.11998
RUS,Russia,6316.71929,7367.94175,8764.34457,11620.86892,15826.86679,19947.47454,22731.77274,24223.3763,25100.29477,16600.83496,19109.81254,27180.8808,33063.58594,35037.15234,36376.33594,40870.61672
RWA,Rwanda,1210.87989,1273.73802,1291.68383,996.12634,1170.52183,975.55296,1266.72508,1425.36019,1298.52419,1016.50626,1060.64365,1377.21062,1779.15851,2238.53942,2520.31739,3512.30613
SAU,Saudi Arabia,5641.43508,8054.29912,11172.15347,17905.90069,27209.02948,45635.03262,54629.62447,40937.80064,45937.52609,50058.16726,51649.9186,54038.83725,54911.54752,58498.5399,57420.73357,64965.70305
SDN,Sudan,1704.83479,1859.81085,2072.90057,1966.80909,1752.79215,1867.84923,1854.0914,1878.78473,2182.28795,2612.00665,3417.72691,4104.40877,4219.83691,4159.19434,3401.24976,1865.51403
SEN,Senegal,2604.12791,2786.86639,2903.33288,2886.023,2668.1338,2535.33417,2282.19593,2618.74939,2848.46787,2764.36505,3025.6101,3265.85849,3403.56707,3593.79477,4018.04129,4871.2802600000005
SGP,Singapore,4794.1196,3963.83319,4672.46143,5385.08132,8972.98968,12896.19951,18149.24746,26223.31755,40541.43199,55022.19107,65418.14388,80017.08023,95456.18931,108953.7243,115893.0424,137905.9791
SLB,Solomon Islands,1265.20379,1380.12503,1506.64141,1657.09155,1683.16063,1293.66456,1833.19616,2021.56181,2397.67223,3039.58815,2297.6439,2284.10999,2682.28529,2664.73036,2515.12833,2615.32949
SLE,Sierra Leone,1179.36444,1350.66996,1505.43953,1743.6629,2063.48009,2040.67183,2063.63545,2248.40995,2545.11652,2012.30748,1824.79416,2243.41579,2461.98105,2630.53499,2755.10252,3255.82436
SLV,El Salvador,3113.65311,3391.86343,3608.14367,4220.39492,4349.652,4965.80732,4646.34286,4785.80836,5514.66258,6848.49366,7497.59169,8088.6992,8648.92983,9646.15432,9692.44932,12221.09674
SMR,San Marino,10577.00316,13454.35893,17113.77568,23481.21212,32044.63296,38237.85816,45827.16362,48738.11943,55769.63411,66936.52395,80165.10474,83461.24027,68669.25265,59647.65946,55998.0711,78126.26324
SOM,Somalia,1260.20008,1384.65448,1447.595,1203.48567,1226.33047,1264.67703,897.0608,958.23188,943.40187,677.26085,716.42269,829.94429,994.86846,1343.44297,1396.05343,1462.56236
SRB,Serbia,3181.8567,3802.25163,6000.20299,8211.3388,10562.92326,14230.72035,18548.44112,19363.34037,17997.58641,8887.14097,10614.4698,14857.66651,17840.4348,18246.78995,21477.87722,28758.37917
SSD,South Sudan,1647.82221,1796.73876,1864.07452,1537.906,1555.13847,1591.52641,1120.28565,1187.54528,1160.24303,767.24984,701.20667,691.5774,665.518,398.849,625.73,716.249
STP,Sao Tome and Principe,1686.02944,1561.70758,1762.05032,2352.3997,2887.87374,3149.49237,4033.27562,3855.69231,3593.63359,3604.51288,3711.08247,4292.15451,4882.04796,5210.20378,5742.94725,5681.95489
SUR,Suriname,7183.06955,7942.7524,8771.94886,9924.59016,11203.2313,14035.84949,15785.22025,17437.98706,16146.21847,15499.29876,15730.67361,18964.50522,22772.47545,23327.52525,19091.36172,20256.66324
SVK,Slovak Republic,7119.8909,8015.4208,10109.18723,10993.41929,12861.18037,14686.51707,15760.39805,16383.36645,17230.39989,15816.45258,18368.86038,23279.38612,29745.86139,33507.72572,36201.41546,41977.51553
SVN,Slovenia,5789.98452,6749.03459,9700.73158,13027.22573,17453.42611,23534.9863,29032.23728,28459.89553,25005.80474,24521.80937,29866.49515,35403.55285,38065.73615,38537.09519,42474.22471,50558.74404
SWE,Sweden,13513.31937,14765.2108,16476.87483,19917.34058,22727.59725,24632.99359,25201.31844,32471.18748,39408.10064,39885.39437,47554.61213,53149.96078,55527.93981,58975.97789,59572.47476,65596.66352
SWZ,Eswatini,765.94778,819.30078,942.88607,1548.95573,1948.5084,3162.25653,3172.28212,3456.4845,5423.1134,5789.40503,6238.11593,7234.23245,8210.69699,9253.29094,9727.5139,11069.57117
SYC,Seychelles,3399.40948,3783.84558,4068.42173,4018.30642,4708.03679,5899.35688,8215.84313,9984.72651,14040.58349,15853.72563,20423.05769,19941.61082,21708.75545,27032.20839,30056.19943,30802.63006
SYR,Syria,4338.50508,5037.82818,4611.05412,5059.72125,4533.25188,6548.87348,7022.8313,7319.14607,7187.0244,8399.75219,8116.3478,8868.48394,9546.56049,5302.07414,4633.34952,4085.72011
TCD,Chad,1106.57883,1241.7407,1344.56397,1307.88203,1304.2384,1429.56861,885.14001,1162.13547,1431.31281,1416.0583,1407.47073,2607.45074,2717.50763,2823.36071,2513.01578,2645.81191
TGO,Togo,1110.3802,1172.8515400000001,1290.51659,1713.02169,1943.21157,1830.67951,1843.32441,1727.32683,2025.5292,1879.34317,2005.61984,1908.64738,1988.95211,2317.54781,2490.05294,3007.55596
THA,Thailand,1629.21749,1652.33599,1832.0135,2103.53888,2891.48292,3206.25143,4034.72381,5449.57923,9018.79314,12262.03659,11791.25763,14542.32913,16730.36979,18811.99751,19957.25714,22695.94668
TJK,Tajikistan,3773.24673,4356.94389,5137.08343,5807.37266,6714.40537,6779.28187,6002.25814,5433.79281,4718.37169,1580.2714,1470.93456,2036.19774,2449.27359,3041.4448,3724.74896,5122.38472
TKM,Turkmenistan,4879.1824,5624.34614,6621.40768,7846.55663,9517.00864,10020.07084,9154.52112,8387.64066,7872.12414,4524.30481,5175.88159,6242.06214,8842.33284,13057.83033,15791.17759,18623.63459
TLS,Timor-Leste,878.06693,857.01525,837.55209,1000.80319,1155.40815,1361.58471,1679.6227,2044.48343,2458.86265,3237.68106,3862.79702,3501.73256,4049.18501,4469.93611,6598.0346,4352.93562
TON,Tonga,1633.89002,1624.09537,1613.93835,1603.24858,1593.74489,1666.07651,1908.04169,3890.48712,4568.57998,5549.07378,5856.22403,5881.36707,5488.7504,6194.63932,6995.31729,7839.22918
TTO,Trinidad and Tobago,6818.75314,7547.76753,10308.16816,11102.96486,12371.05914,12695.72312,16249.25787,14886.63383,13558.05932,14879.31868,20419.6703,29968.21168,35190.21666,38951.92457,30723.40355,33144.88032
TUN,Tunisia,2188.05414,2193.24109,2430.69771,2791.33995,3218.96212,4167.7415,4865.8411,6022.63269,6842.6121,7545.33755,9263.8496,10627.71843,12458.25735,12802.76104,11955.56592,13135.58265
TUR,Turkey,2736.62943,3595.74092,3936.93078,4428.98009,5478.40851,6698.79912,6759.52046,8829.72816,11860.09284,12995.43116,14897.78792,17775.43114,19564.7889,25746.43245,28378.55208,36992.96579
TUV,Tuvalu,1878.35881,1963.66326,2052.11682,2147.59177,2244.78781,3398.97835,3331.16532,2425.7725,3037.4003,3338.19718,3770.50836,3513.28337,3506.06023,4088.7658,5154.45958,6632.53597
TZA,Tanzania,880.81463,943.40293,930.59292,1017.36009,1140.8048,1195.55075,1175.93769,1276.03106,1587.30876,1579.3614,1792.82437,2239.90235,2654.80347,3111.44458,3449.82153,3924.40183
UGA,Uganda,1354.08818,1291.19447,1301.50478,1383.60089,1487.4187,1282.31837,889.72117,964.5588,1124.70915,1313.40901,1501.54961,1776.84593,2244.60595,2520.0201,2678.00907,3047.99489
UKR,Ukraine,4574.32505,5881.87348,7528.99903,9546.51114,11646.40183,14284.20645,15711.78882,18150.20469,19355.35476,9882.22202,9778.67964,15258.93136,16811.79492,15403.70996,17092.53906,15014.25715
URY,Uruguay,8916.34931,10222.39741,9324.83104,8851.8119,9288.42222,9697.81501,11547.5303,11098.32835,13974.74454,16502.46468,18556.85792,18678.61672,24879.83502,28941.62941,27788.1855,33757.56245
USA,USA,18798.48636,20634.6089,20645.98778,23560.2622,25441.13232,26614.05676,29271.43071,37215.93938,45755.4382,48326.18131,55889.51752,60060.46474,59789.41291,64359.47259,67342.07093,78388.58461
UZB,Uzbekistan,3496.91389,4269.0002,5291.25402,6126.98608,7206.11803,7217.17543,6424.21098,5860.11733,5245.94666,3535.14321,3717.41589,4320.94278,5760.80512,7529.76364,8727.41105,11127.00974
VCT,St. Vincent and the Grenadines,2725.37158,3120.40182,3573.03919,3431.73064,3432.41337,3113.2276,3849.43271,5413.89313,7461.77774,8822.01726,10013.41602,12329.99452,13175.72302,14523.5812,15763.70544,20092.3654
VEN,Venezuela,9803.86771,11319.92879,11699.27058,12859.46489,12958.24365,13038.22189,12230.0845,11154.71456,11518.3604,12915.11097,12454.43236,14034.5749,16695.002,16970.969,5729.397,8899.072
VNM,Vietnam,1312.48143,1447.20793,1493.40569,1586.21076,1287.14264,1212.7897,1331.47218,1920.05437,2382.67426,3229.972,4250.45395,5705.39302,7274.73311,9248.02396,11851.39657,15429.33526
VUT,Vanuatu,1662.97167,1740.27215,1820.12267,1904.6972,1992.4307,2449.80238,2272.12615,2982.5758,3185.58006,3280.93377,3400.34487,3116.25682,3359.84955,3357.63888,3259.99544,3188.80002
WSM,Samoa,3862.21399,4033.81137,4213.62906,4399.95867,4594.85366,3955.69801,4621.30241,4270.3569,4225.91653,4246.30907,4786.98319,5994.51432,6427.31156,6432.35979,6745.3064,7412.51789
YEM,Yemen,1636.60899,1555.33489,1462.189,1387.89244,1574.55766,2097.907,2473.5755,2314.19809,2332.6713800000002,2635.98018,2925.61188,3262.42885,3603.03,2196.886,1660.776,1721.89143
ZAF,South Africa,5257.55282,5798.06708,6160.40256,7155.91463,8008.1191,8321.7644,8444.39792,9157.7456,9985.19104,9922.05808,11037.87368,12853.29549,14182.33428,14559.47438,13266.78581,13889.23888
ZMB,Zambia,1428.44655,1601.4729,2014.40987,2352.8044,2368.82964,2299.65452,1965.45804,2013.90858,2196.93365,1989.76563,2173.01609,2569.15938,3266.50749,3576.92545,3391.59541,3944.46383
ZWE,Zimbabwe,1588.93713,1890.41438,2255.72171,2434.39666,3185.7604,3514.70318,3247.73897,3409.49941,3651.94234,3660.83797,3888.44839,2589.93892,2563.47835,3366.63371,2987.26841,3675.57058
