geo,name,life_exp_1950,life_exp_1955,life_exp_1960,life_exp_1965,life_exp_1970,life_exp_1975,life_exp_1980,life_exp_1985,life_exp_1990,life_exp_1995,life_exp_2000,life_exp_2005,life_exp_2010,life_exp_2015,life_exp_2020,life_exp_2025
AFG,Afghanistan,42.72,43.88,45.03,46.13,47.08,47.55,43.68,42.03,53.83,54.33,54.73,57.63,60.46,61.91,62.34,65.11
AGO,Angola,45.57,45.54,46.25,45.58,46.57,47.46,48.13,48.56,49.67,51.16,52.78,56.35,60.21,63.52,64.88,66.3
ALB,Albania,52.21,56.27,62.55,64.79,67.79,70.19,71.25,71.89,72.76,74.61,75.39,76.2,78.13,78.14,76.23,79.67
AND,Andorra,74.62,75.21,75.74,76.3,76.97,77.7,78.34,78.71,79.03,79.75,80.76,81.4,81.85,82.01,78.25,83.19
ARE,UAE,58.41,58.86,60.34,62.59,64.04,65.99,67.62,68.47,68.66,68.81,69.11,69.24,70.77,73.18,73.18,74.94
ARG,Argentina,63.3,64.51,65.26,66.13,66.13,68.03,70.23,71.73,72.47,73.44,74.22,75.28,75.94,76.5,75.2,77.6
ARM,Armenia,48.23,53.28,59.22,63.59,65.86,68.23,70.2,71.27,70.58,70.08,72.38,73.05,73.91,75.11,72.45,76.87
ATG,Antigua and Barbuda,58.13,60.93,63.83,66.73,68.32,70.23,72.09,73.77,74.04,73.26,74.83,75.9,75.92,75.97,76.43,77.34
AUS,Australia,69.4,70.34,71.11,71.1,71.15,72.51,74.51,75.59,77,78.29,79.72,81.24,82.12,82.73,84.11,83.79
AUT,Austria,64.8,67.68,68.96,70.09,70.21,71.44,72.84,74.26,75.97,77.03,78.49,79.75,80.79,81.57,81.76,83.17
AZE,Azerbaijan,37.79,42.22,48.6,55.57,59.88,64.32,66.24,66.93,66.87,64.69,66.55,67.31,68.98,70.15,64.94,71.73
BDI,Burundi,40.2,41.87,43.92,45.31,45.96,47.19,48.49,49.33,48.72,43.35,44.69,50.3,58.55,61.75,63.03,64.95
BEL,Belgium,66.62,68.8,70.07,70.76,71.1,72.15,73.33,74.61,76.15,77.01,78.04,79.32,80.23,81.09,80.37,82.33
BEN,Benin,43.61,44.1,44.78,46.76,48.54,50.76,52.71,53.94,55.73,56.89,57.39,58.81,61.1,62.64,64.1,65.71
BFA,Burkina Faso,36.06,37.72,39.54,41.95,44.06,46.04,48.64,50.64,50.67,50.66,52.48,55.3,57.94,59.9,61.36,62.97
BGD,Bangladesh,39.67,41.87,43.82,45.87,42.2,50.62,53.22,53.75,58.19,62.24,65.47,67.44,70.04,73.59,73.7,76.33
BGR,Bulgaria,61.04,64.92,69.39,71.52,71.47,71.26,71.22,70.36,70.08,69.42,70.16,71.12,72.34,73.24,71.96,74.33
BHR,Bahrain,50.74,53.41,57.27,60.86,64.18,66.84,68.36,69.43,69.53,70.55,71.68,72.66,74.96,76.75,76.22,77.98
BHS,Bahamas,58.05,60.03,61.93,63.28,65.4,68.21,68.62,70.21,70.86,70.77,71.25,73.18,73.24,73.35,74.88,77.04
BIH,Bosnia and Herzegovina,51.06,55.53,61.27,64.15,65.92,68.31,69.74,71.42,73.21,66.2,75.46,75.29,76.31,76.47,75.95,77.91
BLR,Belarus,68.2,69.35,71.03,72.61,72.13,71.88,71.04,71.06,71.31,68.68,69.03,68.85,70.61,73.66,72.32,75.21
BLZ,Belize,55.45,58.84,63.93,66.43,67.51,69.56,70.87,72.08,72.79,72.9,69.98,72.43,73.58,74.19,73.37,75.49
BOL,Bolivia,36.42,40.53,43,46.17,50.09,53.66,56.76,59.14,61.69,64.02,66.53,68.97,70.3,71.3,68.43,73.47
BRA,Brazil,47.57,49.94,52.44,54.83,56.94,59.78,62.74,64.61,67.29,69.17,71.18,72.81,73.85,75.03,74.51,77.09
BRB,Barbados,58.77,62.11,66.14,68.23,69.18,70.33,72.96,73.95,73.86,73.9,74.74,75.24,76.16,76.51,76.33,77.1
BRN,Brunei,51.7,52.86,55.8,61.91,63.04,65.74,67.51,68.52,69.38,71.45,72.52,73.03,73.83,73.98,74.4,74.36
BTN,Bhutan,36.93,39.39,42.22,45.51,48.8,51.03,52.84,56.22,60.33,63.44,65.74,69.05,71,72.29,73.39,74.82
BWA,Botswana,53.67,53.98,54.36,55.08,56.49,59.14,60.98,62.49,61.32,52.5,45.52,49.93,56.98,60.62,62.42,63.08
CAF,Central African Republic,43.64,44.24,45.76,47.28,48.12,48.44,49.17,49.5,48.09,44.69,43.79,45.21,47.81,49.67,51.95,53.6
CAN,Canada,68.5,70.33,71.15,71.9,72.76,73.63,75.21,76.38,77.43,78.12,79.36,80.43,81.64,82.26,81.86,83.15
CHE,Switzerland,69.02,70.3,71.76,72.51,73.34,74.98,75.97,77.22,77.94,78.91,80.3,81.69,82.79,83.58,83.27,84.85
CHL,Chile,50.26,54.83,54.2,58.7,61.99,66.15,69.44,71.95,73.43,75.28,76.93,77.89,78.61,79.63,79.21,81.39
CHN,China,50.99,53.92,27.79,58.47,60.88,62.81,64.41,66.59,68.09,69.75,71.33,72.98,74.92,76.77,77.7,78.81
CIV,Cote d'Ivoire,41.8,43.1,45.61,48.35,50.93,53.98,56.72,57.38,55.74,51.7,51.13,53.46,57.39,61.07,63.94,65.53
CMR,Cameroon,42.39,45.06,27.54,49.55,51.54,53.56,55.39,57.71,58.43,56.64,54.47,54.99,57.7,60.05,62.58,64.52
COD,"Congo, Dem. Rep.",45.34,46.52,47.55,48.26,49.62,50.87,52.13,53.67,54.27,53.64,53.93,56.14,58.78,62.65,64.47,66.25
COG,"Congo, Rep.",42.05,42.5,43.74,45.4,47.23,49.71,52.75,55.58,53.97,52.32,53.05,56.99,60.87,63.52,66.52,66.38
COL,Colombia,54.09,57.49,59.26,61.58,65.93,66.27,68.92,67.21,71.45,72.55,74.23,76.52,77.89,79.69,78.12,81.37
COM,Comoros,44.74,45.77,47.11,49.28,51.36,52.87,54.46,56.55,58.46,59.83,61.41,64.07,65.9,67.54,68.83,70.26
CPV,Cape Verde,56.2,57,56.76,60.19,58.1,62.6,66.82,67.57,69.93,68.74,70.27,71.83,74.41,74.86,72.58,75.05
CRI,Costa Rica,57.53,61.93,65.35,65.49,67.04,71.6,74.68,75.71,76.94,76.53,77.9,79.44,79.51,80.2,79.92,81.33
CUB,Cuba,66.38,67.12,69.27,69.81,70.78,73.15,73.57,74.15,75.01,75.39,77.01,77.68,78.46,78.42,78.62,79.75
CYP,Cyprus,62.2,63.12,64.98,66.52,67.56,68.55,71.3,73.35,75.07,75.52,76.66,77.93,79.52,80.45,80.8,81.77
CZE,Czech Republic,64.25,68.9,70.39,70.32,69.68,70.65,70.5,71.25,71.58,73.38,75.2,76.42,77.85,79,78.79,80.33
DEU,Germany,66.51,68.53,69.41,70.68,70.61,71.67,73.26,74.83,75.66,76.87,78.39,79.64,80.5,80.88,80.79,82.13
DJI,Djibouti,54.65,55.28,56.21,57.3,58.44,60.09,60.84,60.59,60.57,60.49,60.37,61.39,63.24,65.28,66.41,68.33
DMA,Dominica,49.34,55.06,60.22,64.41,67.15,69.87,71.82,71.38,71.09,71.72,72.09,72.61,72.43,71.54,72.41,73.26
DNK,Denmark,70.66,72.1,72.51,72.66,73.57,74.24,74.39,74.82,75.23,75.6,77.16,78.34,79.52,80.99,81.24,82.02
DOM,Dominican Republic,56.21,60.36,61.92,61.62,64.88,67.18,69.25,70.24,71.97,73.71,73.66,72.56,73.5,72,72.5,74.35
DZA,Algeria,55.12,53.07,52.38,56.8,56.23,56.87,58.73,64.7,67.48,69.04,70.96,72.94,74.48,75.44,74.19,77.47
ECU,Ecuador,50.27,53.94,56.1,59.75,61.35,64.09,67.01,69.88,71.95,73.63,74.46,73.61,74.27,75.88,71.29,77.51
EGY,Egypt,41.25,43.8,46.87,50.67,51.25,54.43,58.48,60.12,63.92,66.38,68.54,68.78,69.44,69.92,70.6,71.97
ERI,Eritrea,39.79,40.81,42.12,38.94,40.89,40.66,42.72,44.64,46.21,53.61,54.83,57.7,59.95,62.2,63.64,65.42
ESP,Spain,61.8,66.66,69.45,70.94,72.02,73.59,75.51,76.45,76.96,78.09,79.47,80.58,82.08,82.78,81.85,83.87
EST,Estonia,66.74,67.68,69.41,70.82,70.46,70.23,69.66,69.82,69.99,68,71.05,73.01,76.25,77.78,77.72,79.01
ETH,Ethiopia,38.97,40.1,40.81,41.71,42.68,43.17,44.75,46.34,46.91,49.64,51.13,57.04,63.05,66.84,68.36,70.68
FIN,Finland,64.51,67.73,69.22,69.56,70.66,72.17,74.01,74.88,75.43,76.94,78.04,79.32,80.4,81.68,81.86,82.84
FJI,Fiji,59.26,63,64.6,65.57,65.17,65.03,66.47,66.11,66.34,66.12,65.75,67.11,67.64,68.02,68.41,69.21
FRA,France,67.13,69.33,71.19,71.83,72.6,73.34,74.68,75.77,77.21,78.19,79.19,80.56,81.58,82.52,82.34,83.77
FSM,"Micronesia, Fed. Sts.",49.89,51.37,53.01,54.86,56.59,58.28,59.74,60.56,61.29,62.03,62.58,63.77,64.04,64.05,63.77,65
GAB,Gabon,48.65,48.87,49.98,51.69,53.16,55.56,58.12,59.78,60.45,60.41,59.59,61.11,63.27,66.27,67.74,68.68
GBR,UK,68.88,70.46,71.17,71.65,72.08,72.78,73.79,74.81,75.85,76.84,77.97,79.33,80.58,81.05,79.79,81.93
GEO,Georgia,49.59,54.29,59.25,62.95,65.36,66.74,68.54,69.06,68.53,69.98,70.68,71.05,71.88,73.29,72.7,74.47
GHA,Ghana,47.14,48.33,51.03,53,54.46,56.27,57.53,58.17,59.37,59.89,59.61,60.01,61.79,64.22,65.67,67.41
GIN,Guinea,38.37,39.69,41.15,42.75,43.85,45.13,47.27,49.57,51.92,53.55,54.34,56,57.56,58.49,60.84,62.46
GMB,Gambia,51.81,52.84,53.85,55.21,56.59,56.99,58.16,59.64,60.61,61.37,61.6,62.16,63.71,65.36,65.55,68.16
GNB,Guinea-Bissau,33.27,35.3,37.39,36.8,39.02,43.57,45.31,46.53,48.62,50.27,51.47,52.75,56.2,58.75,60.07,62.19
GNQ,Equatorial Guinea,39.25,39.33,40.37,42.89,45.21,47.39,50.47,51.06,51.06,52.23,57.61,61.13,63.54,64.77,64.98,67.05
GRC,Greece,69,71.5,72.43,73.01,73.82,74.63,75.3,75.86,77.23,77.75,78.44,79.43,80.4,80.92,80.6,82.07
GRD,Grenada,58.64,61.2,64.11,65.58,66.98,69.02,69.31,69.55,69.21,70.7,71.97,72.38,72.47,73.09,73.38,74.25
GTM,Guatemala,42.67,44.31,47.9,49.53,49.87,54.38,57.95,59.42,61.4,64.08,66.74,68.4,70.27,71.77,71.25,73.63
GUY,Guyana,51.81,55.05,58.85,60.28,61.68,61.22,62.36,62.61,62.37,63.1,63.96,64.39,65.75,66.41,66.69,68.26
HND,Honduras,40.81,43.6,49.05,54.39,57.69,62.45,67.86,68.86,69.09,69.45,70.07,70.89,71.1,69.9,70.66,72.93
HRV,Croatia,55,60.23,64.71,67.64,68.67,70.58,70.67,71.32,72.46,73.01,74.65,75.57,76.8,77.72,77.91,79.65
HTI,Haiti,42.47,43.97,45.41,46.51,47.96,49.73,51.28,53.05,54.57,55.35,57.43,59.05,32.52,62.18,63.59,65.11
HUN,Hungary,61.87,66.64,68.14,69.37,69.21,69.43,69.11,68.92,69.47,69.95,71.9,73.07,74.77,75.9,75.88,77.57
IDN,Indonesia,43.2,45.7,48.63,51.24,54.09,56.92,59.71,62.11,64.05,66.04,67.24,68.26,69.34,70.44,69.65,72.25
IND,India,43.42,45.84,45.75,45.71,49.33,51.59,55.17,57.3,59.58,61.74,62.94,65.39,67.28,69.36,70.01,72.4
IRL,Ireland,65.96,68.52,70.12,70.75,71.23,71.74,72.69,73.8,74.98,75.74,76.77,79.1,80.78,81.65,82.23,82.94
IRN,Iran,39.43,41.21,44.48,48.71,54.51,61.47,64.7,66.31,66.68,70.37,71.94,73.55,75.45,76.69,76.46,79.07
IRQ,Iraq,56.05,58.52,60.49,61.13,62.78,64.23,64.51,62.73,67,67.16,68.64,67.68,70.63,70.74,70.75,73.98
ISL,Iceland,71.5,72.71,73.38,73.72,73.93,75.67,76.49,77.26,78.11,78.38,80.35,81.61,82.64,83.73,84.25,84.92
ISR,Israel,73.01,70.25,71.82,71.68,71.7,72.4,74.16,75.58,77.31,77.8,78.87,80.27,81.93,82.74,82.55,83.86
ITA,Italy,65.9,68.43,69.86,70.87,71.81,72.86,74.2,75.79,77.16,78.22,79.64,80.99,82.08,82.74,81.95,84.04
JAM,Jamaica,57.54,62.15,65.14,66.84,68.87,71.03,73.82,73.07,75.32,75.28,74.64,77.42,76.34,76.14,76.36,77.18
JOR,Jordan,56.87,57.53,59.4,61.36,63.02,65.43,67.12,69.13,71.23,71.78,72.89,74.1,76.92,78.15,77.35,79.2
JPN,Japan,59.75,66.12,68.31,70.86,72.65,74.77,76.57,78.16,79.41,80.24,81.57,82.5,83.34,84.35,85.07,85.58
KAZ,Kazakhstan,57.39,59.29,61.38,63.36,64.82,65.7,66.89,67.65,68.09,64.03,64.7,64.59,67.62,70.64,70.39,72.65
KEN,Kenya,48.76,50.93,54.29,56.31,58.15,60.24,62.21,63.39,62.12,57.04,54.83,56.51,61.18,64.42,66.23,67.98
KGZ,Kyrgyz Republic,49.95,52.91,55.77,58.28,60.37,62.17,64.25,66.18,67.25,65.56,67.23,67.37,69.62,71.9,71.77,74.36
KHM,Cambodia,46.2,47.5,49.41,51.3,44.47,24.66,52.17,54.47,57.81,58.96,60.36,63.68,66.87,68.88,69.63,71.02
KIR,Kiribati,44.68,46.33,48.22,50.02,51.72,54.04,54.77,54.37,54.57,55.32,56.43,57.72,58.84,59.91,60.86,61.66
KNA,St. Kitts and Nevis,60.76,62.23,58.25,61.8,62.61,63.25,63.82,64.79,65.94,67.92,69.94,71.43,72.19,72.04,72.15,73.03
KOR,South Korea,39.53,55.9,59.11,61.36,63.57,65.73,67.33,69.87,72.13,74.34,76.34,78.78,80.82,82.61,82.87,83.63
KWT,Kuwait,65.35,66.12,69.24,69.66,70.55,70.55,72.53,75.22,74.92,78.33,78.07,78.71,80.09,81.51,78.64,82.62
LAO,Lao,38.87,40.04,40.22,40.9,42.39,45.52,47.34,50.4,52.89,55.59,58.39,61.68,64.92,67.64,69.33,70.65
LBN,Lebanon,58.82,62.08,64.87,66.56,67.59,62.04,69.41,65.13,69.92,73.15,74.82,75.44,75.62,75.93,75.26,77.43
LBR,Liberia,38.02,39.47,40.83,42.66,45.29,48.11,50.26,52.2,49.14,50.28,54.84,59.22,61.94,62.53,65.94,67.61
LBY,Libya,47.31,49.35,52.82,58.52,64.58,67.73,69.81,71.35,72.61,74.62,74.91,76.75,76.2,74.6,75.94,77.15
LCA,St. Lucia,51.82,55.76,59.2,63.33,65.43,66.65,68.73,69.96,70.22,71.37,73.36,74.27,75.62,75.6,75.11,76.16
LIE,Liechtenstein,62.3,60.26,64.11,61.78,65.2,66.19,66.28,69.52,75.86,77.58,76.98,80.82,82,82.81,NA,NA
LKA,Sri Lanka,56.3,60.24,64.02,64.47,66.07,64.35,69.32,69.26,69.6,70.89,71.49,73.35,74.05,76.44,77.69,78.51
LSO,Lesotho,51.97,52.62,53.28,53.58,54.61,56.2,58.48,60,60.63,57.15,48.47,43.88,48.12,48.47,52.27,52.82
LTU,Lithuania,67.13,67.54,69.91,71.99,71.26,71.12,70.58,70.86,71.39,69.03,72.24,71.25,73.21,74.65,75.09,77.19
LUX,Luxembourg,66.37,67.48,68.94,69.62,70.15,71.15,72.63,73.88,75.25,76.64,78.01,79.55,81.02,82.34,82.2,83.82
LVA,Latvia,68.37,69.29,70.35,71.4,70.46,69.47,69.23,69.93,69.84,66.69,70.65,70.93,73.26,75.08,75.78,76.67
MAR,Morocco,44.6,45.84,46.67,51.02,54.28,57.11,60.62,64.41,66.69,67.69,69.51,70.81,71.86,72.55,73,74.71
MCO,Monaco,68.15,69.31,70.9,72.08,73.62,74.99,75.97,77.04,78.11,78.57,78.84,78.98,79.16,79.55,80.06,80.72
MDA,Moldova,53.39,55.99,58.42,60.77,62.87,64.05,65.79,66.32,68.27,66.03,68.86,68.9,69.95,72.08,73.52,75.22
MDG,Madagascar,41.29,42.5,44.83,46.87,48.44,52.03,54.9,54.79,55.92,57.92,59.52,61.1,62.57,64.16,64.79,67.03
MDV,Maldives,30.65,34.03,37.84,42.56,47.53,51.69,55.95,61.65,65.48,68.72,72.23,75.77,77.77,78.87,78.83,80.46
MEX,Mexico,48.76,53.59,57.15,59.87,61.44,64.21,66.19,68.62,70.85,72.35,74.21,75.01,75.25,75.73,71.48,76.88
MHL,Marshall Islands,52.14,54.28,56.34,57.9,59.36,61.29,62.87,63.07,62.88,63.33,62.67,63.14,63.95,64.92,65.73,66.31
MKD,North Macedonia,50.21,51.72,57.49,61.77,65.32,68.7,70.09,70.54,70.48,70.71,71.55,72.46,73.41,73.95,72.33,75.3
MLI,Mali,35.19,36.43,37.66,38.65,40.21,42.42,45.75,48.26,50.19,51.66,53.28,56.16,58.44,59.88,60.76,63.28
MLT,Malta,63.23,67.5,69.08,69.73,70.93,71.98,72.74,74.73,76.59,77.84,78.83,79.98,81.08,82.18,82.72,83.48
MMR,Myanmar,34.56,36.63,38.74,40.76,43.09,47.02,50.57,53.38,55.42,56.96,58.93,61.38,64.76,67.73,69.66,70.76
MNE,Montenegro,67.51,68.81,70.79,72.44,73.66,73.22,73.6,73,74.67,74.27,73.71,73.8,74.73,75.31,75.09,76.92
MNG,Mongolia,38.89,41.02,43.93,47.72,50.55,55.61,57.19,58.85,60.41,59.55,60.99,62.94,65.08,67.65,68.38,69.64
MOZ,Mozambique,42.97,43.95,45.09,45.98,47.65,49.79,50.45,45.83,51.58,52.6,52.19,52.06,53.53,55.83,58.39,60.06
MRT,Mauritania,47.6,49.45,50.61,52.8,55.03,54.92,56.82,57.76,59.38,61.33,63.61,65.8,68.09,69.6,69.54,72.25
MUS,Mauritius,53.1,55.89,58.06,62.51,63.69,63.96,67.24,68.82,70.2,71.09,72.32,73.16,74.21,75.17,74.69,76.35
MWI,Malawi,34.36,35.85,37.71,39.55,42.05,45.55,48.83,50.16,49.38,46.33,45.9,48.88,56.32,62.04,64.3,66.2
MYS,Malaysia,53.52,58.94,62.82,65.51,67.29,67.51,70.48,70.03,71.91,71.82,73,74.12,74.44,75.04,75.22,76.03
NAM,Namibia,54.81,55.36,56.04,57.39,57.94,58.79,58.89,60.24,62.36,60.34,53.94,53.52,60.91,63.45,64.97,66.49
NER,Niger,37.79,38.95,40.33,42.32,43.05,43.14,44.94,45.46,47.41,48.57,51.85,55.62,59.05,60.64,61.07,64.09
NGA,Nigeria,44.75,45.86,46.81,48.15,49.05,52.01,54.06,54.91,54.69,54.63,54.63,56.63,59.64,62.11,64.31,66.07
NIC,Nicaragua,47.67,52.29,53.6,57.19,58.08,62.65,66.37,63.31,72.72,71.46,73.73,73.46,74.37,74.91,73.08,76.51
NLD,Netherlands,71.58,72.62,73.5,73.69,73.73,74.68,75.88,76.49,77.16,77.69,78.28,79.63,80.95,81.66,81.34,82.55
NOR,Norway,71.91,73.21,73.4,73.64,74.25,75.12,75.96,76.35,76.86,78.04,78.9,80.37,81.3,82.41,83.14,83.78
NPL,Nepal,40.63,42.61,44.61,47.16,49.27,50.51,51.85,54.73,58.32,61.83,65.39,67.69,69.04,69.35,70.75,72.9
NRU,Nauru,58.5,59.64,60.65,61.58,62.09,62.5,62.64,62.31,62.01,60.82,59.15,58.77,60.03,62.29,63.34,64.44
NZL,New Zealand,69.52,70.62,71.22,71.46,71.64,72.39,73.37,74.22,75.55,76.75,78.39,79.8,80.92,81.72,81.96,82.65
OMN,Oman,40.83,42.88,45.1,48.86,55.47,58.95,61.99,64.85,66.75,67.94,69.06,70.28,70.43,72.41,70.88,75.28
PAK,Pakistan,46.01,48.64,51.32,54.62,57.08,59.03,60.24,60.88,61.05,60.34,61.04,61.05,63.27,64.42,65.38,66.71
PAN,Panama,60.82,62.48,65.88,67.48,68.1,71.63,74.21,75.35,76.42,76.54,77.98,78.22,78.5,79.26,78.85,81.17
PER,Peru,38.09,43.67,47.26,54.12,48.63,63.4,65.1,65.94,69.24,71.49,74.61,77.16,77.32,79.4,77.62,81.49
PHL,Philippines,55.14,58.15,61.26,62.55,62.69,64.11,65.74,66.51,68.41,69.77,70.31,70.31,70.58,70.91,72.09,72.47
PLW,Palau,49.03,51.37,53.86,56.46,58.75,60.41,62.17,63.41,64.91,66.02,66.37,66.83,66.99,67.24,68.06,68.63
PNG,Papua New Guinea,49.62,51.3,53.68,56.15,59.02,61.09,62.15,62.23,62.61,63.22,63.14,62.21,62.78,63.93,64.97,65.61
POL,Poland,58.99,63.42,67.9,69.66,70.17,71.14,70.54,70.8,71.08,72,73.9,75.19,76.48,77.62,77.12,79.1
PRK,North Korea,20.26,43.46,47.62,52.29,57.11,61.11,64.05,66.17,67.97,61.83,63.9,70.01,70.93,72.2,73.23,73.91
PRT,Portugal,59.27,61.43,64.73,65.9,67.39,69.32,71.75,73.26,74.28,75.47,76.84,78.75,80.24,81.54,81.07,82.79
PRY,Paraguay,61.14,67.23,69.07,70.48,70.82,71.4,73.07,74.5,75.79,75.39,75.62,75.59,75.74,76.49,76.15,77.36
PSE,Palestine,54.35,55.96,58.75,62.31,57.8,65.21,66.73,68.13,69.12,70.92,70.17,71.14,73.67,74.33,73.97,75.85
QAT,Qatar,64.46,64.78,65.28,66.02,67.01,68.7,70.26,72.12,69.93,71.8,71.22,72.29,73.36,75.46,74.5,77.31
ROU,Romania,60.54,63.45,65.75,68.86,68.29,69.92,69.6,69.67,69.83,69.38,71.23,72.36,73.78,75.25,74.38,76.49
RUS,Russia,66.67,67.66,69.05,69.97,69.15,68.6,67.71,68.54,69.52,64.84,65.63,65.05,68.82,71.53,70.41,73.89
RWA,Rwanda,36.52,38.94,42.24,42.85,43.58,45.02,48.43,51.49,50.01,46.41,50.51,58.22,64.54,67.39,69,70.02
SAU,Saudi Arabia,50.92,52.56,54.34,56.93,59.81,63.63,66.06,67.54,68.08,69.4,70.37,71.16,71.84,73.25,73.5,75.66
SDN,Sudan,46.94,47.92,49.76,50.53,51.6,52.8,54.8,52.17,58.66,61.29,63.26,65.48,67.44,69.03,70.21,71.21
SEN,Senegal,45.21,46.04,46.91,47.1,47.87,49.91,52.92,56.22,58.61,59.17,60.63,63.19,65.67,66.98,67.95,70.43
SGP,Singapore,57.02,62.61,65.55,67.4,69.01,70.52,71.72,73.45,75.61,77.13,79.39,81.31,82.76,84.14,83.94,85.63
SLB,Solomon Islands,42.06,43.61,45.82,48.29,50.4,50.65,54.37,55.39,55.83,56.59,56.98,56.82,57.39,58.44,59.05,59.8
SLE,Sierra Leone,40.03,41.37,42.7,44.17,45.74,47.36,48.35,49.33,51.09,50.6,51.63,53.28,55.99,58.67,61.27,63.01
SLV,El Salvador,46.04,48.83,53.46,56.44,57.81,62.42,63.81,65.59,69.8,71.59,73.07,73.58,75.19,73.4,74.15,76.98
SMR,San Marino,72.02,72.45,72.88,73.33,74.12,75.38,76.39,78.32,79.7,80.67,81.54,81.6,81.9,81.97,78.81,83.05
SOM,Somalia,44.19,44.52,44.96,45.72,46.7,46.14,48.91,48.72,49.3,50.33,51.44,53.52,53.85,56.97,57.38,59.86
SRB,Serbia,54.38,59.19,63.53,65.45,66.16,69.24,69.81,70.42,70.82,70.58,71.44,72.35,74.06,75.07,74.4,76.66
SSD,South Sudan,47.23,47.81,48.61,48.89,50.08,52.23,53.11,52.72,54.45,55.84,57.01,59.25,60.58,61.64,63.25,65.36
STP,Sao Tome and Principe,40.68,40.86,45.02,53.23,56.96,60.68,62.3,62.16,63.49,64.1,65.02,66.65,68.99,69.99,70.17,71.51
SUR,Suriname,57.69,61.15,62.97,64.81,65.85,66.21,66.77,69.07,68.94,70.91,69.8,70.64,72.29,72.45,73.03,73.51
SVK,Slovak Republic,60.73,67.83,70.37,70.52,69.94,70.57,70.71,70.97,71.07,72.68,73.67,74.47,75.82,76.8,76.89,78.58
SVN,Slovenia,58.48,61.92,65.31,67.89,68.6,70.15,71.34,72.09,73.97,75.13,76.26,78.12,79.69,81.03,80.25,82.45
SWE,Sweden,71.36,72.76,73.41,74.19,74.83,75.26,76.07,77.09,77.95,79.12,80,80.98,81.86,82.55,82.21,83.72
SWZ,Eswatini,43.33,44.5,45.64,48.54,51.47,54.46,57.26,59.62,61.75,59.32,48.32,43.29,47.98,54.88,57.43,59.5
SYC,Seychelles,59.96,62.01,63.64,63.89,65.73,68.91,71.06,71.25,70.56,70.95,72.2,72.24,73.21,73.41,72.93,74.8
SYR,Syria,54.96,57.41,61.04,64.22,66.49,69.81,70.23,69.41,68.79,69.75,71.62,74.42,74.71,65.47,74.21,74.84
TCD,Chad,45.02,46.24,47.41,48.47,48.36,50.42,50.77,52.36,53.54,53.46,52.25,53.73,56.5,58.75,59.84,61.58
TGO,Togo,44.77,45.94,46.95,48.58,51.42,53.7,55.77,57.11,57.98,57.55,56.38,56.91,59.5,62.38,65.17,66.47
THA,Thailand,53.82,58.28,60.87,62.85,64.15,65.49,66.5,70.03,71.29,70.72,71.81,74.75,77,78.19,78.72,79.78
TJK,Tajikistan,46.17,48.78,52.55,56.77,60.38,62.57,65.33,66.7,66.94,64.56,66.59,67.47,68,68.6,66.74,70.4
TKM,Turkmenistan,48.35,51.45,55.14,58.15,60.42,61.63,63.57,64.97,65.96,64.57,66.35,65.8,69.47,69.99,70.49,71.64
TLS,Timor-Leste,42.47,44,45.69,47.83,50.48,47.22,51.99,57.77,60.93,62.61,65.46,67.7,70,70.31,70.82,72.18
TON,Tonga,61.47,62.96,64.58,65.71,66.54,67.43,68.37,69.91,70.95,71.56,70.73,72.02,72.21,72.59,73.03,73.81
TTO,Trinidad and Tobago,57.36,60.89,64.32,65.13,65.35,66.78,67.64,68.31,69.6,69.82,70.47,71.93,73.73,74.92,75.06,75.85
TUN,Tunisia,43.82,45.79,49.35,52.93,56.52,61.99,66.25,70.18,72.25,73.02,74.28,75.36,76.15,77,77,79.15
TUR,Turkey,44.95,47.32,49.53,53.39,57.13,60.74,64.06,66.65,68.75,70.85,74.73,76.81,76.72,77.36,76.4,79.66
TUV,Tuvalu,46.99,49.14,51.44,53.56,55.51,56.79,57.76,58.74,60.81,62.87,61.5,65.73,66.6,67.36,68.05,69.14
TZA,Tanzania,43.84,44.68,45.32,46.43,49.43,52.76,55.4,56.61,55.26,52.91,53.44,56.53,61.06,65.07,66.61,68.59
UGA,Uganda,47.08,48.03,48.97,50.57,51.95,52.82,50.84,50.29,48.51,47.97,49.58,53.92,59.33,63.88,66.08,67.55
UKR,Ukraine,68.16,69.15,71.08,71.7,70.92,70.6,69.77,70.31,70.58,66.98,67.98,67.81,70.82,72.48,71.89,74.89
URY,Uruguay,65.12,67.46,68.32,68.44,68.47,69.31,70.6,72.27,73.17,73.68,74.77,75.54,76.53,77.14,78.45,78.5
USA,USA,68.29,69.86,70.06,70.37,70.93,72.73,73.96,74.91,75.72,76.08,77.03,77.73,78.89,78.99,77.22,79.83
UZB,Uzbekistan,56.27,58.63,61.07,63.03,64.85,65.94,67.47,68.38,69.31,65.66,65.11,64.48,66.48,67.3,67.47,69.07
VCT,St. Vincent and the Grenadines,53.64,55.03,60.97,63.41,64.78,66.59,68.56,69.99,70.11,70.47,71.11,72.6,73.11,72.57,72.24,74.06
VEN,Venezuela,58.7,61.16,65.17,66.03,66.51,67.6,69.66,71.56,72.44,72.61,74.17,75.01,75.3,75.67,73.94,76.18
VNM,Vietnam,52.26,56.43,58.41,57.42,55.97,62.3,66.29,67.77,69.22,70.81,72.23,72.77,73.21,73.88,75.75,75.44
VUT,Vanuatu,47.4,49.16,51.37,53.91,56.73,59.66,62.09,62.89,63.13,63.26,63.57,63.78,64.41,64.96,65.85,66.58
WSM,Samoa,54.43,57.21,60.68,61.25,62.42,63.64,65.23,66,66.86,67.65,68.48,68.99,69.64,70.06,71.08,71.36
YEM,Yemen,31.85,33.36,36.53,38.22,41.93,48.68,53.25,56.71,59.06,61.14,63.51,65.78,67.61,68.16,67.28,69.27
ZAF,South Africa,52.06,53.04,53.93,55.19,56.69,58.3,59.52,61.92,64.18,62.93,55.58,52.1,57.07,62.26,64.24,65.95
ZMB,Zambia,47,48.3,49.56,51.21,53.5,55.13,55.63,55.15,51.94,46.82,45.34,48.73,56.54,60.8,62.77,64.26
ZWE,Zimbabwe,53.78,54.54,55.54,56.59,58.04,59.33,60.4,62.96,62.38,54.19,47.5,46.76,52.32,58.58,60.87,61.97
