geo,name,pop_1950,pop_1955,pop_1960,pop_1965,pop_1970,pop_1975,pop_1980,pop_1985,pop_1990,pop_1995,pop_2000,pop_2005,pop_2010,pop_2015,pop_2020,pop_2025
AFG,Afghanistan,7776176,8326979,9035043,10036008,11290128,12773954,13169311,11426852,12045660,17065836,20130327,24404567,28284089,33831764,39068979,43844111
AGO,Angola,4551869,4832764,5231654,5521981,5852788,6842947,8133872,9779120,11626360,13699778,16194869,19291161,23294825,28157798,33451132,39040039
ALB,Albania,1247851,1418850,1649387,1894312,2181220,2454859,2735416,3026242,3277966,3258567,3166148,3076159,2928722,2898632,2871954,2771508
AND,Andorra,5996,6165,9510,13634,19977,27773,35782,43825,52597,63912,65685,77421,80706,72174,77380,82904
ARE,UAE,74512,101258,131334,167103,286536,542856,1015700,1377911,1898220,2434662,3493575,4664790,6938363,8674633,9448524,11346000
ARG,Argentina,17018036,18716029,20386045,22112629,23878327,25874107,28011596,30336441,32755901,35070020,37213984,39216789,41288694,43477012,45191965,45851378
ARM,Armenia,1382895,1581508,1863705,2183635,2475633,2743660,3107415,3260432,3552128,3307581,3125628,3006351,2931078,2921177,2890892,2952365
ATG,Antigua and Barbuda,45444,50374,55603,59970,64528,63839,64513,64591,63066,68189,74912,79611,85320,89409,91846,94209
AUS,Australia,8176750,9205181,10280813,11357477,12599411,13893989,14721347,15835747,17126298,18095344,19132471,20294490,22141581,23948002,25743791,26974026
AUT,Austria,6936449,6946655,7047274,7270415,7466319,7577830,7548406,7564309,7679624,7950322,8012928,8229204,8365092,8644039,8921405,9113574
AZE,Azerbaijan,3131972,3464086,3982706,4630313,5183825,5669260,6284708,6799814,7231077,7719282,8174785,8597248,9146851,9752850,10181730,10397713
BDI,Burundi,2254938,2504649,2764258,3141367,3530432,3796612,4383706,5034042,5587052,6066316,6470194,7587299,9376444,11047580,12617036,14390003
BEL,Belgium,8617441,8835493,9102171,9399858,9630504,9748476,9833093,9880337,9960968,10137265,10251717,10478886,10936626,11275335,11540107,11758603
BEN,Benin,2250476,2353646,2517286,2757936,3065057,3445407,3925251,4538012,5281479,6226773,7221619,8426144,9797484,11360681,13070169,14814460
BFA,Burkina Faso,4213152,4469053,4778621,5152833,5610304,6147569,6947900,7999935,9159356,10386722,11925546,13932123,16176498,18777487,21478690,24074580
BGD,Bangladesh,41206856,45767684,51828660,59902519,69058894,77854351,88016432,100253825,111633717,122600370,134544304,144715786,152201981,159383179,166298024,175686899
BGR,Bulgaria,7248511,7533654,7862926,8202416,8490825,8723148,8859537,8958854,8822365,8357574,8000520,7695050,7437599,7177517,6933652,6714560
BHR,Bahrain,117263,137070,165477,200866,224809,283243,358978,430358,514797,593222,669581,932604,1213244,1369650,1483077,1643332
BHS,Bahamas,83487,93922,116317,147952,184982,209886,232526,253154,275945,301461,323835,343894,367478,385346,395863,403033
BIH,Bosnia and Herzegovina,2690410,2952173,3281381,3562834,3773247,3965743,4148426,4330364,4448652,3715564,4159771,4096493,3811472,3518541,3299349,3140095
BLR,Belarus,7127595,7560676,8207998,8679929,9014897,9324281,9603171,9944186,10186261,10197463,9991313,9667838,9490752,9487293,9350944,8997603
BLZ,Belize,69073,79856,91318,104675,120736,130387,145062,163796,183076,204146,240799,279731,320245,356333,390812,422924
BOL,Bolivia,3089969,3358004,3702323,4109796,4590010,5137539,5758900,6416185,7130142,7874676,8606326,9360754,10182345,11014705,11816299,12581843
BRA,Brazil,53408551,62101388,72388126,83817583,95375651,107619565,121207461,135515595,149143223,161735073,174018282,184688101,193701929,201675532,208660842,212812405
BRB,Barbados,209917,223290,230893,242417,249387,251175,251524,255820,258582,262039,262063,268706,275243,278990,281698,282623
BRN,Brunei,48297,65210,88347,110838,135138,158070,186111,218919,255292,291195,326424,358916,392332,422212,447404,466330
BTN,Bhutan,169982,194748,224084,261200,308528,365791,433404,508392,589287,547989,596863,661865,701632,740618,770006,796682
BWA,Botswana,413697,463926,516165,574664,590334,720380,937485,1121945,1305696,1498836,1677382,1839877,2033111,2203273,2365894,2562122
CAF,Central African Republic,1438057,1559363,1702346,1877854,2097505,2313916,2450535,2600932,2871910,3348052,3833416,4288810,4492995,4629320,5026628,5513282
CAN,Canada,13741747,15728274,17898790,19685518,21440022,23148986,24533776,25927465,27789443,29459131,30891803,32440173,34196899,35962234,38171902,40126723
CHE,Switzerland,4692641,5002112,5327780,5856419,6180922,6338600,6319846,6470957,6713173,7040477,7184007,7431823,7825753,8283934,8640582,8967407
CHL,Chile,6628577,7332301,8153350,9012938,9845344,10671559,11508550,12395274,13437176,14527381,15503635,16348778,17181464,18047625,19370624,19859921
CHN,China,544044358,603547007,654802069,723415733,823308967,916116793,983163542,1059807820,1153582724,1220133927,1269581175,1310027136,1351561514,1396134174,1426106093,1416096094
CIV,Cote d'Ivoire,2735180,3136628,3673666,4442377,5411567,6776297,8220714,10040483,12189778,14855565,17699004,20068458,22488065,25246342,28915449,32711547
CMR,Cameroon,4330084,4700257,5159057,5704686,6449793,7397120,8512219,9761730,11331821,13058516,14912631,17074594,19668066,22763414,26210558,29879337
COD,"Congo, Dem. Rep.",12294287,13630351,15264846,17427802,20137436,23021101,26711099,31264816,36684063,44433704,50507442,58775724,68563038,81035531,95989998,112832473
COG,"Congo, Rep.",835261,934432,1056732,1207880,1397638,1627032,1828985,2059311,2380560,2749461,3151345,3696393,4462290,5097581,5752791,6484437
COL,Colombia,11766988,13473060,15606209,18169050,20811782,23344644,26104498,29268470,32440069,35804662,39089934,42128977,44777319,46969940,50629997,53425635
COM,Comoros,161938,179587,197700,214967,244185,287692,337721,388352,444596,490586,536080,592677,654836,726682,802163,882847
CPV,Cape Verde,184972,195614,210024,244856,287885,305847,323301,347365,375428,418104,453317,485115,509784,512394,514679,527326
CRI,Costa Rica,926758,1103049,1327496,1586208,1838949,2092719,2390633,2741894,3121706,3535176,3937739,4261240,4555962,4818038,5034320,5152950
CUB,Cuba,5924511,6543100,7238081,8030797,8824382,9479726,9804796,10157228,10631799,10925362,11109109,11262554,11297409,11275065,11176354,10937203
CYP,Cyprus,493871,533865,586490,617736,647446,659405,683076,731277,788351,862695,947667,1036151,1127816,1219502,1302247,1370754
CZE,Czech Republic,8916711,9289421,9541605,9706847,9801252,10030774,10275403,10305145,10301988,10312042,10236804,10280153,10464035,10524416,10550129,10609239
DEU,Germany,69847782,70334152,72811640,75966964,78205102,78701865,78315375,77863424,79707959,82019890,81797258,82046731,80830924,82077550,83628708,84075075
DJI,Djibouti,62331,73004,86024,109092,145175,209908,325815,402687,579538,633074,747318,839167,930251,1020313,1105188,1184076
DMA,Dominica,50196,52952,59372,63505,68908,71570,73083,71744,69627,69469,68511,68734,68859,70410,67573,65871
DNK,Denmark,4268404,4438838,4579342,4758836,4928668,5060400,5123081,5113880,5141025,5233360,5339658,5419555,5547863,5683701,5831530,6002507
DOM,Dominican Republic,2379894,2777628,3268336,3808963,4399290,5046776,5729037,6430404,7151166,7888115,8584190,9225034,9820175,10434829,11008300,11520487
DZA,Algeria,9018426,10247424,11424922,12365976,13783719,15678596,18607174,22008544,25375810,28470191,30903893,33109249,36188236,40019529,44042091,47435312
ECU,Ecuador,3516791,4006188,4590891,5303963,6155387,7118251,8165877,9311154,10473673,11590514,12689206,13846163,15076695,16266225,17546065,18289896
EGY,Egypt,21148164,23795229,26896479,30629174,34623990,38875327,43950413,50734968,58396618,65652622,73083284,81101004,89196072,99597342,109315124,118365995
ERI,Eritrea,814866,886237,972547,1098335,1243453,1408210,1605797,1807816,2032737,2025267,2247031,2661215,2945186,3105546,3291271,3607003
ESP,Spain,28077049,29089776,30404939,32110668,33812723,35795769,37537565,38601321,39084979,40052738,41019774,43958885,46840471,46683686,47679489,47889958
EST,Estonia,1102042,1166871,1220453,1292804,1361866,1423504,1476463,1525280,1570303,1452777,1396997,1354848,1331448,1314576,1329669,1344232
ETH,Ethiopia,17670412,19419770,21376693,24310612,27829128,31723252,34428514,39842136,47609755,57537335,67411494,78367470,90538514,103867135,118917671,135472051
FIN,Finland,4008407,4235197,4429624,4564150,4606305,4711168,4779350,4902261,4986575,5107922,5176202,5246082,5363350,5479717,5529612,5623329
FJI,Fiji,309514,349070,404887,472575,531188,575906,641975,723761,773316,798746,840909,882379,910419,918578,914963,933154
FRA,France,41883119,44136090,46428134,48772830,50813075,52746325,53941061,55467150,56990238,58192203,59483717,61625032,63417363,64916336,65905277,66650804
FSM,"Micronesia, Fed. Sts.",32106,36974,43061,50684,58922,67428,77407,89707,100888,110230,112044,111412,107540,108716,110916,113683
GAB,Gabon,472842,488817,512316,546308,595846,662197,748389,856726,983734,1123213,1275572,1463495,1719879,2040989,2322539,2593130
GBR,UK,50121017,51176747,52538548,54359020,55663801,56220143,56282103,56606414,57367862,58154635,59057338,60596108,63006483,65382110,67351861,69551332
GEO,Georgia,3497441,3734030,4053800,4429322,4804055,4979409,5165546,5376896,5448868,4925743,4328358,4026131,3895925,3791573,3795678,3806671
GHA,Ghana,5080664,5914923,6961215,7882606,8925813,10294308,11941448,13661229,15394648,17399017,19637087,22449438,25474995,28696068,31887809,35064272
GIN,Guinea,3013177,3267860,3556749,3890716,4277535,4653876,5047419,5610373,6434374,7553249,8428832,9245844,10396086,11767070,13371183,15099727
GMB,Gambia,306736,348789,398060,455952,524105,606821,713913,858874,1054696,1264313,1455084,1667037,1926630,2224529,2515733,2822093
GNB,Guinea-Bissau,543627,564068,577633,575005,584403,650966,829303,897697,973669,1119949,1234741,1381585,1566347,1786457,2013255,2249515
GNQ,Equatorial Guinea,226563,247215,269807,298238,320803,287901,288644,385547,474274,571264,703279,947367,1189085,1453923,1716468,1938431
GRC,Greece,7651079,7984711,8384492,8521363,8747776,9016967,9653414,10037037,10258487,10519235,10782635,10981334,11124670,10820903,10699369,9938844
GRD,Grenada,77261,83635,94058,98067,98414,98126,94538,96111,99957,103869,107451,109734,111586,114676,116341,117303
GTM,Guatemala,3097198,3533307,4063655,4704965,5396966,6128731,6900212,7849693,9024773,10312996,11697592,13087629,14500112,15971743,17357325,18687881
GUY,Guyana,418038,484363,569143,635128,702705,745393,774367,771477,749894,758388,764832,760914,749256,758781,807481,835986
HND,Honduras,1558938,1789390,2062060,2377157,2750715,3193234,3727173,4323342,4980488,5739637,6577773,7478355,8365878,9237305,10119640,11005850
HOS,Holy See,899,904,906,851,655,726,727,747,769,783,779,NA,NA,NA,NA,NA
HRV,Croatia,3864990,4080735,4200264,4346706,4462673,4552730,4643896,4754555,4835065,4619360,4326105,4313946,4301145,4183729,3953958,3848160
HTI,Haiti,3265707,3533744,3858443,4223820,4635124,5099086,5614493,6190862,6854441,7562546,8303151,9061273,9803294,10523242,11243848,11906095
HUN,Hungary,9337880,9823207,9983374,10141119,10315143,10515652,10695367,10547265,10381281,10322788,10190600,10065706,9979129,9839211,9749457,9632287
IDN,Indonesia,68799025,77273507,88296070,101365130,115657495,131843848,148950540,166776185,183501098,199888057,216077790,230871650,246305322,261799249,274814866,285721236
IND,India,346278821,387700887,435990338,490140146,545864268,611309535,687354025,772647793,864972221,960301044,1057922733,1154676322,1243481564,1328024498,1402617695,1463865525
IRL,Ireland,2912654,2899538,2827689,2873153,2961403,3180119,3415240,3531271,3514018,3610697,3802585,4155284,4559080,4702487,4982606,5308039
IRN,Iran,16510553,18700802,21470434,25036978,29145100,33802973,39842324,49582289,58380092,62205567,66418659,71828455,77420842,82619362,87723443,92417681
IRQ,Iraq,5653350,6366279,7022052,8202140,9735611,11543639,13591992,15683430,17581206,20825860,24424056,28407448,31045366,37560535,42116605,47020774
ISL,Iceland,142667,157746,175560,192333,204478,218028,228144,241402,254833,267510,281280,296834,318158,330952,366614,398266
ISR,Israel,1289236,1599497,1891935,2331451,2864778,3318089,3721665,4105359,4544999,5354739,6111190,6728206,7336735,8052908,8800376,9517181
ITA,Italy,46391673,48130818,49514555,51480728,53390236,55166045,56412084,56855501,57031454,57403344,57272196,58519693,60164213,60575316,59912769,59146260
JAM,Jamaica,1407206,1553711,1650005,1769192,1878196,2018981,2145658,2290656,2379877,2500151,2607826,2687066,2748568,2802534,2830739,2837077
JOR,Jordan,438802,625567,853471,1099440,1565163,1899055,2234186,2778810,3621908,4752096,5386945,6029587,7297043,9544729,10865228,11520684
JPN,Japan,86443277,92425478,96399754,100916019,106712368,113321196,118358756,120832163,123399765,125672665,127027789,127913330,128185275,127275872,126304543,123103479
KAZ,Kazakhstan,6787149,7993631,9429981,10993183,12419057,13700843,15152949,16031090,17154054,16730536,15501103,15968117,16836810,18084169,19482117,20843754
KEN,Kenya,5769185,6529297,7695307,9338078,11368791,13511671,16018459,19201768,22892651,26601751,30642890,35796484,41598567,47088526,52217334,57532493
KGZ,Kyrgyz Republic,1751139,1944403,2215508,2615057,3025142,3381363,3729374,4102391,4459543,4713635,5025145,5246332,5491761,6001882,6664140,7295034
KHM,Cambodia,4375257,4890372,5449966,6072289,6639182,6581371,5199872,6043783,7374752,10018497,12462336,13439202,14500726,15623251,16725474,17847982
KIR,Kiribati,37846,42041,47157,53439,57510,60987,61148,66496,74855,81234,88613,98035,108704,116815,126099,136488
KNA,St. Kitts and Nevis,47232,52134,55810,51139,44606,43606,42850,41874,40432,42326,45248,46437,46846,47087,46870,46922
KOR,South Korea,19757321,22125103,26115379,29284338,32542197,35875743,38141107,41148963,44081427,45368425,46766661,47851644,48769332,50983912,51858482,51667029
KWT,Kuwait,153958,186114,311060,521174,809114,1104863,1504782,1894242,1684819,1681513,1954709,2236788,2943372,3834454,4400144,5026078
LAO,Lao,1684550,1893213,2121514,2376200,2669702,3005521,3292573,3739985,4311955,4929409,5431212,5869523,6334194,6801645,7346533,7873046
LBN,Lebanon,1349350,1554068,1794406,2088831,2386114,2693191,2944763,3217376,3595175,3960735,4329340,4671102,5041288,6472469,5702398,5849421
LBR,Liberia,918902,1016390,1139522,1291156,1466676,1670913,1929253,2240539,2223667,2169162,2928117,3301015,4058890,4659431,5149463,5731206
LBY,Libya,1131460,1241377,1492890,1804015,2082589,2571556,3424378,3898745,4445239,4906843,5305021,5858798,6497839,6531819,7045399,7458555
LCA,St. Lucia,92991,93803,92585,97493,103165,110725,119290,129159,137857,148208,158616,165450,170906,174905,178250,180149
LIE,Liechtenstein,13764,14969,16491,18602,21143,23198,25090,27009,28887,31033,33113,34691,35999,37400,38767,40128
LKA,Sri Lanka,7811047,8623331,9661389,10916965,12287110,13548984,14847974,15544154,16352458,17564068,19293054,20216524,20879089,21729971,22561807,23229470
LSO,Lesotho,579551,642188,736500,854090,1019273,1213643,1406521,1624379,1809696,1951437,2003913,1953076,1996251,2104611,2235727,2363325
LTU,Lithuania,2432995,2575311,2769095,2965262,3135872,3295733,3428419,3562389,3695012,3627038,3500402,3322263,3097720,2905764,2795765,2830144
LUX,Luxembourg,296570,305312,313877,329702,339332,353680,363705,366661,381700,408227,436132,465363,507410,569536,630597,680453
LVA,Latvia,1918720,2000462,2131171,2252762,2357559,2455771,2511759,2579231,2660131,2485949,2368313,2239784,2097831,1977867,1901123,1853559
MAR,Morocco,8935450,10158129,11624933,13239171,15129449,17150786,19459943,22113953,24375551,26399429,28423435,30358144,32467016,34607588,36584208,38430770
MCO,Monaco,19666,20575,21808,22941,24229,25500,27122,28731,30358,31609,32455,32210,33163,36757,38050,38341
MDA,Moldova,2528360,2775557,3076166,3385972,3643517,3836946,4048713,4261131,4451148,4414211,4234967,3988669,3631992,3287164,3069131,2996106
MDG,Madagascar,3956073,4490113,5111029,5819116,6672003,7739336,9006032,10433142,12055639,14051275,16516338,19159707,22183340,25426702,28953556,32740678
MDV,Maldives,74448,81602,91189,104102,123219,143158,164835,190169,224762,256649,282019,306429,360792,428154,502118,529676
MEX,Mexico,27587939,31650600,36724615,43174477,50814953,58982400,67300334,75043414,82820170,90862455,98625552,105811504,113623895,121072306,126799054,131946900
MHL,Marshall Islands,12996,13482,14703,17402,22530,26154,30774,37761,44629,48266,50706,51906,52044,48800,42706,36282
MKD,North Macedonia,1248683,1355676,1435059,1533466,1664208,1797972,1933038,2014331,2063689,1998534,2057253,2089807,2051505,1980366,1872015,1813791
MLI,Mali,4696911,5041934,5402550,5815487,6276472,6837261,7530515,8374663,9178830,10185365,11559290,13538647,15945198,18593022,21713836,25198821
MLT,Malta,294680,318139,330820,327398,326011,333450,342877,352566,367908,384550,399895,413320,422651,444981,518207,545405
MMR,Myanmar,17737117,19550482,21730250,24279431,27193016,30176565,33227204,36622827,39817251,42605338,45290841,47438365,49024382,51089056,53016522,54850648
MNE,Montenegro,402512,440584,471197,502892,529671,557151,584820,603500,620497,631381,634193,634050,632088,628145,607935,632729
MNG,Mongolia,781688,848684,977595,1131177,1295272,1488296,1701335,1921514,2164573,2335715,2455182,2563461,2701732,2976526,3290785,3517100
MOZ,Mozambique,5910225,6274471,6713695,7406421,8250506,9540817,11336221,12548949,13094537,15960530,18129653,20304569,22999235,26547572,30783688,35631653
MRT,Mauritania,657715,730724,824298,945838,1099806,1277330,1474043,1702107,1951878,2312017,2613441,2939059,3390965,3965959,4600131,5315065
MUS,Mauritius,525558,599588,680331,752660,827696,888023,954216,1025063,1089024,1159821,1216629,1257215,1282709,1292275,1283223,1268280
MWI,Malawi,2950300,3246543,3628134,4096157,4633944,5287367,6265529,7620508,9545852,10150117,11315942,12840031,14826463,17085587,19533888,22216120
MYS,Malaysia,6098283,6959963,7956197,9056408,10178802,11471914,12983363,15252258,17833171,20330599,22967816,25836071,28655776,31232798,33889558,35977838
NAM,Namibia,514591,547082,591465,660558,757868,881032,981434,1096890,1369303,1602170,1818647,1966582,2109811,2374300,2728762,3092816
NER,Niger,2597810,3035289,3505050,4049695,4650275,5317019,6135971,7118457,8286059,9714529,11509630,13756192,16548835,19939498,23717613,27917831
NGA,Nigeria,37283010,40935635,45053782,50086764,55893838,63410815,73764641,84897973,97120925,110819428,126382494,145017253,166642886,190671878,213996181,237527782
NIC,Nicaragua,1331439,1536246,1782370,2072681,2423065,2816943,3252403,3706479,4162559,4642931,5022633,5342105,5737450,6149417,6565267,7007502
NLD,Netherlands,10113757,10751230,11486911,12301125,13052078,13680035,14162686,14538959,15030878,15565032,16058760,16465710,16771235,17107433,17636731,18346819
NOR,Norway,3265191,3428526,3581121,3723172,3875345,4007365,4085604,4152400,4241440,4358993,4490867,4623124,4889162,5189771,5379274,5623071
NPL,Nepal,8396603,9257977,10123658,11173411,12436190,13870695,15553105,17477692,19524573,22245439,24546509,26309458,27341952,27823629,28966574,29618118
NRU,Nauru,3407,3885,4607,5832,6710,6987,7649,8551,9622,10165,10168,10049,10043,10954,11643,12025
NZL,New Zealand,1911263,2139672,2379481,2636494,2822177,3094032,3146327,3268028,3396979,3674428,3857574,4135007,4347770,4614029,5069895,5251899
OMN,Oman,456988,488801,530485,585236,662680,778864,1001248,1325480,1763954,2120528,2282131,2459802,2757446,4184895,4522497,5494691
PAK,Pakistan,35849260,40098069,45709310,52209010,60166719,69461175,82291010,98229285,116155576,134582253,154879127,175453212,199239047,217290883,235001746,255219554
PAN,Panama,860850,978962,1126005,1308835,1513070,1732389,1957534,2200915,2455583,2724557,3010369,3313026,3628535,3960035,4293261,4571189
PER,Peru,7677414,8822013,10174127,11761085,13501237,15333957,17360949,19648204,22014771,24348919,26598331,28101180,29086019,30457600,32838579,34576665
PHL,Philippines,18849528,22880573,27891897,32625316,37622204,42120826,48043740,55213006,62854666,70546246,79625397,88015962,96337125,105312992,112081264,116786962
PLW,Palau,7474,8415,9328,10547,11368,12655,12271,13688,15259,17195,19178,19819,18396,17770,17792,17663
PNG,Papua New Guinea,1543429,1739219,1995110,2235820,2505628,2814820,3131512,3478936,3896481,4644278,5537064,6535905,7633523,8743246,9815746,10762817
POL,Poland,24780161,27063640,29575966,31288336,32542633,33964399,35576519,37200853,38055455,38364667,38258071,38124379,38095351,38266314,38171012,38140910
PRK,North Korea,11116736,10403325,11722953,13219369,15172775,16971055,18236786,19620388,21112137,22669304,23665910,24396433,24987258,25575350,26136312,26571036
PRT,Portugal,8418877,8662888,8873218,8889625,8669523,9182302,9763624,9979469,9989524,10031751,10283204,10502994,10578660,10370267,10370519,10411834
PRY,Paraguay,1504344,1682286,1883514,2125177,2388028,2691648,3053235,3510671,4035747,4579806,5100868,5448097,5737971,6159103,6603739,7013078
PSE,Palestine,944624,996382,1073081,1147310,1116280,1279321,1469059,1745256,2139067,2636551,3151793,3557401,4016916,4521565,5069692,5589623
QAT,Qatar,24283,28536,36010,64065,116350,193087,275913,365940,440175,514325,644989,825408,1709229,2427331,2803375,3115889
ROU,Romania,16397279,17475268,18313495,18713054,20011625,21268070,22154771,22605820,22939530,22657723,22046262,21213388,20432574,19871019,19392469,18908650
RUS,Russia,103392360,111160992,119934141,126634214,130367189,134136098,138572623,143569389,148979541,148291403,146717783,144597884,143934465,145307616,146371299,143997393
RWA,Rwanda,2157097,2568298,3022294,3423210,3980669,4607728,5353259,6317228,7375307,5674118,8213931,9054528,10317553,11640022,13065837,14569341
SAU,Saudi Arabia,1703271,2031955,2435403,2928771,3562470,4556287,6047997,8151779,10640691,13289245,16177722,20559890,25157128,29974938,30991207,34566328
SDN,Sudan,6189910,7181692,8364489,9858030,11695771,14064798,17058905,19905872,22021481,24672143,27816745,31262444,35414399,40024431,46789231,51662147
SEN,Senegal,2555369,2908505,3340907,3849788,4466328,5170810,5845638,6683287,7720523,8848101,9968260,11235472,12635413,14593331,16789219,18931966
SGP,Singapore,1013313,1320230,1619322,1870822,2091558,2268523,2437493,2735030,3039591,3533624,4035245,4268364,5077014,5525340,5620150,5870750
SLB,Solomon Islands,108634,122190,139688,156686,176579,200744,238135,282455,331435,384733,440469,483080,532968,639415,744498,838645
SLE,Sierra Leone,1999623,2120889,2268356,2468666,2712286,2974657,3272089,3638438,4196828,4179179,4423611,5501712,6222714,7037655,7912558,8819794
SLV,El Salvador,2183506,2456595,2791459,3199466,3668796,4120449,4540382,4894706,5399726,5762131,5943366,6005578,6068249,6183676,6234673,6365503
SMR,San Marino,12947,13793,15428,17305,18168,19046,21585,22485,23475,25158,26799,28572,30624,33901,34769,33572
SOM,Somalia,2213131,2532253,2876331,3277874,3738448,4257535,5936154,6693289,7082811,7285007,8838713,10644228,12261756,13806963,16651191,19654739
SRB,Serbia,6009201,6346327,6702962,7031133,7324425,7572438,7796280,7881548,7874594,7823284,7694605,7539133,7395864,7177253,6907812,6689039
SSD,South Sudan,2493283,2705082,2931559,3189835,3409614,3821494,4339030,4834296,4737633,5225836,6032267,7590143,9745953,11107561,10698467,12188788
STP,Sao Tome and Principe,60874,64606,68012,71680,77626,86708,98544,108658,122980,134895,144018,161639,181802,200291,217435,240254
SUR,Suriname,195565,225195,263918,320000,379442,391170,375377,386972,412493,429606,476643,519313,549923,581627,612317,639850
SVK,Slovak Republic,3465747,3797353,4124442,4365047,4525871,4739166,4976655,5151166,5266078,5354282,5379999,5376695,5391851,5420278,5455024,5474881
SVN,Slovenia,1446358,1532630,1605074,1675318,1739861,1817598,1903069,1941472,1998007,1988095,1986816,1996914,2044612,2059947,2102419,2117072
SWE,Sweden,7016565,7262329,7484596,7733007,8042780,8192641,8310469,8350244,8558567,8826302,8872101,9029771,9378232,9799481,10353686,10656633
SWZ,Eswatini,271655,307217,345337,388336,441216,507673,596644,706196,872428,970433,1041414,1079022,1111650,1142813,1192729,1256174
SYC,Seychelles,38284,40102,43230,48270,54252,61218,66260,69823,73983,78126,83318,89266,94971,107230,120291,132779
SYR,Syria,3612081,4050589,4673500,5435267,6380609,7554364,8957663,10625672,12579208,14616801,16637888,18814091,22482421,19424618,21049429,25620427
TCD,Chad,2525454,2764249,3049838,3374220,3727828,4167234,4515453,5096269,5982833,7089064,8512093,10328092,12312575,14647621,17224679,21003705
TGO,Togo,1399600,1529946,1673110,1853771,2244773,2574622,2920894,3441091,3998761,4410832,5140037,5844631,6732590,7663195,8669720,9721608
THA,Thailand,20428402,23343181,26851747,31149337,35954408,40940005,45650022,50270753,54738329,59098232,63007815,66017420,68579447,70540795,71641484,71619863
TJK,Tajikistan,1528308,1810238,2112131,2492998,2936779,3430425,3995256,4619003,5398768,5948584,6284735,6924720,7652141,8643840,9749310,10786734
TKM,Turkmenistan,1269180,1418164,1643457,1915916,2195616,2494570,2832203,3247534,3760562,4191203,4582677,5052257,5564356,6215770,6949912,7618847
TLS,Timor-Leste,414762,437150,468118,507034,553069,598158,649871,696665,760345,868146,745088,948311,1084679,1205131,1326053,1418517
TON,Tonga,49660,57257,66170,75924,84401,93017,97769,97984,99700,100225,102677,105671,107400,106095,105704,103742
TTO,Trinidad and Tobago,648774,741234,844943,928425,991471,1053469,1121744,1187366,1252208,1295169,1319774,1352034,1386654,1429188,1481024,1511155
TUN,Tunisia,3608985,4005129,4267288,4561385,5131396,5839262,6606195,7409903,8324509,9161258,9764935,10255472,10765980,11402264,11974057,12348573
TUR,Turkey,21021140,24310511,28329898,32345220,36638465,41053126,45408815,50687115,56015628,61024503,65425961,69329557,73346769,80014226,86091692,87685426
TUV,Tuvalu,4765,5335,5598,5715,5663,6117,7366,8046,8798,9280,9544,9940,10614,10963,10399,9492
TZA,Tanzania,7625155,8644862,9901419,11470728,13492677,16138361,19189769,22501693,26110207,30383497,34260139,39182076,44758488,52020962,60972798,70545865
UGA,Uganda,5750913,6613770,7640973,8849203,10321603,11725240,13275741,15023681,17569897,20665667,24000150,27963289,32390802,37531446,44457152,51384894
UKR,Ukraine,37310887,39859711,42824093,45386892,47261306,48865229,49955152,51108770,52054092,51665539,49556660,47585556,46456003,45784896,44680014,38980376
URY,Uruguay,2234412,2367034,2529957,2681169,2790807,2872320,2951953,3017037,3104403,3189440,3266206,3285771,3318580,3368017,3398968,3384688
USA,USA,154202680,166200024,180274555,195653774,207796339,219129301,229858655,241690443,253373387,268205795,281484131,295716664,311062790,326126497,339436159,347275807
UZB,Uzbekistan,6239904,7054034,8209109,9921681,11762638,13598521,15619936,17875339,20464956,22917589,24787054,26356975,28385506,30749346,33586372,37053428
VCT,St. Vincent and the Grenadines,61663,71612,84388,90927,95964,100387,104213,108506,111812,113047,113545,112450,109959,106960,103526,99924
VEN,Venezuela,5488850,6755813,8160090,9697790,11387790,13215892,15258218,17461434,19827010,22193821,24526708,26785804,28813101,30573972,28444077,28516896
VNM,Vietnam,25100738,28166446,32531933,37129656,41475230,46482903,52490101,59060622,65504552,72049940,77154011,81088313,87455152,92823254,98079191,101598527
VUT,Vanuatu,51541,56633,64431,74358,86266,100269,115660,130356,148063,167137,186281,210760,238248,266101,298858,335169
WSM,Samoa,88281,99038,112490,127978,140400,153344,164322,166849,169042,174571,181685,186978,193023,201782,211944,219306
YEM,Yemen,4616780,5009672,5532301,6195593,7065279,8133598,9543358,11453825,13887862,16740058,19624141,22790085,26754387,31159379,36134863,41773878
ZAF,South Africa,13038491,14533365,16440172,19089380,22279984,25690940,29518857,35042093,40746268,44541554,47159719,49490033,52344051,56723537,60562381,64747319
ZMB,Zambia,2321302,2703543,3153729,3692086,4321718,4990086,5802833,6780953,7786169,8785763,10017631,11718819,13965594,16399089,19059395,21913874
ZWE,Zimbabwe,2790905,3263215,3809389,4458462,5215918,6098658,7041303,8686813,10137281,10974599,11892055,12483432,13356548,14399013,15526888,16950795
