geo,name,urban_pct_1960,urban_pct_1965,urban_pct_1970,urban_pct_1975,urban_pct_1980,urban_pct_1985,urban_pct_1990,urban_pct_1995,urban_pct_2000,urban_pct_2005,urban_pct_2010,urban_pct_2015,urban_pct_2020
AFG,Afghanistan,8.401,9.904,11.643,13.641,15.995,18.997,21.177,21.624,22.078,22.703,23.737,24.803,26.026
AGO,Angola,10.435,12.504,14.957,19.128,24.298,30.338,37.144,44.169,50.087,56,59.783,63.446,66.825
ALB,Albania,30.705,31.23,31.74,32.712,33.762,35.083,36.428,38.911,41.741,46.731,52.163,57.434,62.112
AND,Andorra,58.45,70.445,80.155,87.252,92.064,95.159,94.712,93.661,92.395,90.285,88.819,88.345,87.916
ARE,UAE,73.5,77.723,79.8,79.8,80.71,79.804,79.051,78.319,80.236,82.262,84.087,85.674,87.048
ARG,Argentina,73.611,76.369,78.88,80.969,82.887,85.038,86.984,88.164,89.142,90.031,90.849,91.503,92.111
ARM,Armenia,51.275,55.622,59.864,63.611,66.05,67.09,67.421,66.057,64.666,63.938,63.44,63.085,63.313
ATG,Antigua and Barbuda,39.656,36.61,33.819,34.217,34.618,35.021,35.426,33.961,32.127,29.218,26.238,25,24.433
AUS,Australia,81.529,83.068,83.999,84.792,85.552,85.582,85.433,84.898,84.235,84.582,85.182,85.701,86.241
AUT,Austria,64.72,65.011,65.258,65.341,65.391,64.305,62.96,61.596,60.213,58.813,57.399,57.715,58.748
AZE,Azerbaijan,52.663,51.164,50.008,51.897,52.777,53.498,53.749,52.206,51.386,52.389,53.406,54.714,56.397
BDI,Burundi,2.077,2.294,2.845,3.525,4.339,5.221,6.271,7.211,8.246,9.375,10.642,12.078,13.708
BEL,Belgium,92.46,93.137,93.843,94.48,95.381,95.93,96.377,96.777,97.129,97.403,97.651,97.876,98.079
BEN,Benin,9.275,12.519,16.691,21.904,27.339,30.796,34.485,36.758,38.333,40.543,43.093,45.695,48.415
BFA,Burkina Faso,4.7,5.198,5.746,6.347,8.805,12.334,13.815,15.131,17.844,21.537,24.633,27.53,30.607
BGD,Bangladesh,5.135,6.211,7.593,9.836,14.851,17.496,19.811,21.693,23.59,26.809,30.462,34.308,38.177
BGR,Bulgaria,37.1,45.755,52.3,57.562,62.1,64.59,66.377,67.782,68.899,70.584,72.302,73.99,75.686
BHR,Bahrain,82.32,82.5,83.775,84.975,86.101,87.155,88.14,88.388,88.372,88.422,88.634,88.999,89.506
BHS,Bahamas,59.712,63.343,66.764,70.017,73.102,76.674,79.838,80.961,82.007,82.218,82.427,82.746,83.245
BIH,Bosnia and Herzegovina,19.04,22.817,27.201,31.288,35.543,37.589,39.249,40.817,42.384,43.965,45.558,47.173,49.02
BLR,Belarus,32.401,38.127,44.01,50.614,56.498,61.833,65.981,67.926,69.973,72.354,74.672,77.181,79.483
BLZ,Belize,54.028,52.481,50.963,50.171,49.374,48.419,47.465,46.425,45.398,45.313,45.228,45.406,46.025
BOL,Bolivia,36.762,38.257,39.776,41.314,45.451,50.519,55.577,59.15,61.787,64.17,66.43,68.393,70.123
BRA,Brazil,46.139,51.037,55.909,60.789,65.468,69.862,73.922,77.61,81.192,82.834,84.335,85.77,87.073
BRB,Barbados,36.777,37.141,37.55,38.855,40.102,38.736,37.37,35.566,33.827,32.841,31.87,31.249,31.191
BRN,Brunei,43.401,52.625,61.675,64.193,64.949,65.697,66.438,68.644,71.164,73.163,74.961,76.663,78.25
BTN,Bhutan,3.596,4.687,6.089,7.876,10.132,12.941,16.388,20.537,25.418,30.965,34.793,38.678,42.316
BWA,Botswana,3.06,3.839,7.834,11.884,16.479,26.724,41.933,48.981,53.219,55.944,62.412,67.155,70.877
CAF,Central African Republic,20.1,23.519,27.492,31.971,33.874,35.532,36.825,37.231,37.639,38.069,38.904,40.277,42.198
CAN,Canada,69.061,72.892,75.654,75.611,75.663,76.354,76.582,77.675,79.478,80.122,80.937,81.259,81.562
CHE,Switzerland,70.924,72.417,73.843,74.208,74.477,74.227,73.926,73.654,73.383,73.478,73.607,73.718,73.915
CHL,Chile,67.836,71.696,75.227,78.386,81.243,82.624,83.271,84.545,86.073,86.783,87.074,87.36,87.727
CHN,China,16.203,18.086,17.4,17.4,19.358,22.874,26.442,30.961,35.877,42.522,49.226,55.5,61.428
CIV,Cote d'Ivoire,17.679,24.5,28.163,32.229,36.829,37.91,39.345,41.21,43.155,45.234,47.33,49.444,51.706
CMR,Cameroon,13.937,16.88,20.3,27.292,31.921,36.232,39.657,42.573,45.542,48.541,51.559,54.578,57.56
COD,"Congo, Dem. Rep.",22.3,23.434,24.608,25.821,27.072,28.513,30.633,32.838,35.122,37.481,40.013,42.74,45.638
COG,"Congo, Rep.",31.601,35.273,39.129,43.264,47.857,52.221,54.324,56.413,58.695,60.988,63.256,65.543,67.829
COL,Colombia,46.268,52.82,56.635,60.306,63.738,67.034,69.481,71.777,73.957,76.024,77.964,79.764,81.425
COM,Comoros,12.551,16.978,19.39,21.239,23.215,25.469,27.869,28.301,28.08,27.875,27.973,28.47,29.38
CPV,Cape Verde,16.679,18.073,19.559,21.419,23.518,31.5,44.12,48.768,53.435,57.689,61.821,64.3,66.652
CRI,Costa Rica,34.254,35.791,38.827,41.349,43.099,45.445,50.003,54.561,59.052,65.672,71.736,76.862,80.771
CUB,Cuba,58.401,59.337,60.266,64.224,68.106,70.933,73.364,74.277,75.323,76.134,76.597,76.896,77.194
CYP,Cyprus,35.628,38.188,40.761,47.277,58.614,64.678,66.776,68.038,68.648,68.268,67.551,66.946,66.821
CZE,Czech Republic,59.548,62.016,64.402,69.917,75.167,75.365,75.22,74.643,73.988,73.602,73.255,73.477,74.061
DEU,Germany,71.384,71.955,72.274,72.56,72.844,72.711,73.118,73.922,74.965,75.98,76.966,77.2,77.453
DJI,Djibouti,50.325,56.109,61.777,67.142,72.096,74.925,75.957,76.3,76.532,76.761,76.999,77.417,78.062
DMA,Dominica,37.846,38.18,38.683,42.671,46.759,54.71,63.079,64.831,65.265,66.601,68.094,69.579,71.09
DNK,Denmark,73.687,77.048,79.737,82.146,83.723,84.351,84.843,84.979,85.1,85.856,86.795,87.526,88.116
DOM,Dominican Republic,30.191,35.052,40.274,45.729,51.29,53.868,55.226,57.598,61.753,67.37,73.753,78.566,82.54
DZA,Algeria,30.51,37.643,39.5,40.33,43.542,47.968,52.085,55.997,59.919,63.83,67.54,70.848,73.733
ECU,Ecuador,33.878,36.64,39.278,42.363,46.961,51.215,55.09,57.766,60.299,61.711,62.69,63.398,64.166
EGY,Egypt,37.864,39.686,41.477,43.291,43.858,43.938,43.478,42.814,42.797,43.027,43.019,42.785,42.783
ERI,Eritrea,9.799,11.466,12.678,13.511,14.39,15.757,18.905,22.514,26.587,31.099,35.175,38.206,41.347
ESP,Spain,56.567,61.278,66.038,69.57,72.789,74.213,75.351,75.856,76.262,77.263,78.442,79.602,80.81
EST,Estonia,57.533,61.348,64.947,67.589,69.711,70.767,71.231,70.3,69.368,68.735,68.094,68.416,69.229
ETH,Ethiopia,6.433,7.587,8.588,9.46,10.41,11.453,12.621,13.827,14.74,15.7,17.319,19.428,21.695
FIN,Finland,55.29,59.658,63.704,67.831,71.727,75.808,79.367,80.963,82.183,82.905,83.77,85.225,85.517
FJI,Fiji,29.681,32.582,34.758,36.721,37.769,38.523,41.611,45.496,47.908,49.871,52.171,54.726,57.247
FRA,France,61.88,67.071,71.055,72.926,73.282,73.65,74.056,74.912,75.871,77.13,78.369,79.655,80.975
FSM,"Micronesia, Fed. Sts.",22.312,23.537,24.808,25.858,26.445,26.149,25.818,25.068,22.33,22.33,22.298,22.456,22.933
GAB,Gabon,17.398,23.775,32,42.971,54.682,62.402,69.143,74.797,78.879,82.452,85.533,88.118,90.092
GBR,UK,78.444,77.821,77.117,77.683,78.481,78.39,78.14,78.353,78.651,79.915,81.302,82.626,83.903
GEO,Georgia,43.069,45.534,48.006,50.344,52.497,54.194,55.038,53.841,52.638,53.605,55.535,57.448,59.453
GHA,Ghana,23.252,26.067,28.958,30.049,31.163,32.896,36.441,40.14,43.929,47.308,50.713,54.086,57.349
GIN,Guinea,10.472,12.978,15.977,19.515,23.617,26.621,28.026,29.475,30.869,32.257,33.678,35.141,36.875
GMB,Gambia,12.129,14.533,19.496,24.426,28.414,33.019,38.312,43.362,47.868,52.02,55.662,59.228,62.582
GNB,Guinea-Bissau,13.6,14.349,15.132,15.95,17.804,23.704,30.83,34.371,36.243,38.157,40.111,42.123,44.196
GNQ,Equatorial Guinea,25.537,26.502,26.954,27.41,27.872,29.94,34.745,40.494,49.092,57.74,65.94,70.616,73.1
GRC,Greece,55.936,59.969,64.22,66.94,69.343,70.518,71.467,72.119,72.716,74.452,76.292,78.046,79.715
GRD,Grenada,30.332,31.274,32.212,32.561,32.912,33.177,33.427,34.47,35.698,35.895,35.865,35.997,36.537
GTM,Guatemala,31.121,33.989,35.545,37.125,38.724,40.347,41.992,43.654,45.332,46.913,48.403,49.971,51.836
GUY,Guyana,29.009,29.209,29.425,29.967,30.488,30.033,29.583,29.137,28.694,27.822,26.634,26.441,26.786
HND,Honduras,22.747,25.704,28.902,32.11,34.87,37.735,40.46,42.941,45.458,48.585,51.885,55.165,58.359
HRV,Croatia,30.154,34.977,40.196,43.864,47.285,49.287,51.037,52.279,53.428,54.315,55.155,56.155,57.553
HTI,Haiti,15.593,17.58,19.762,20.404,20.541,23.261,28.51,32.59,35.6,42.638,47.509,52.427,57.088
HUN,Hungary,55.911,58.022,60.112,62.231,64.191,65.095,65.838,65.209,64.575,66.365,68.911,70.5,71.942
IDN,Indonesia,14.586,15.789,17.071,19.317,22.104,26.089,30.584,36.076,42.002,45.942,49.914,53.313,56.641
IND,India,17.924,18.785,19.76,21.332,23.098,24.348,25.547,26.607,27.667,29.235,30.93,32.777,34.926
IRL,Ireland,45.184,46.233,51.276,53.634,55.333,56.275,56.929,57.949,59.155,60.477,61.542,62.538,63.653
IRN,Iran,33.735,37.068,41.212,45.747,49.693,53.395,56.33,60.236,64.042,67.558,70.626,73.358,75.874
IRQ,Iraq,42.899,50.651,56.154,61.379,65.521,68.767,69.706,68.78,68.496,68.766,69.103,69.921,70.893
ISL,Iceland,80.3,82.72,84.9,86.669,88.26,89.57,90.75,91.63,92.401,93.037,93.574,93.7,93.898
ISR,Israel,76.848,80.94,84.195,86.643,88.583,89.828,90.359,90.866,91.203,91.518,91.826,92.179,92.587
ITA,Italy,59.361,61.843,64.272,65.643,66.64,66.826,66.726,66.922,67.222,67.738,68.327,69.565,71.039
JAM,Jamaica,33.769,37.499,41.324,44.013,46.739,48.424,49.444,50.615,51.814,52.811,53.743,54.833,56.311
JOR,Jordan,50.879,54.262,55.971,57.65,60.029,66.996,73.291,78.207,78.27,79.485,86.088,90.256,91.418
JPN,Japan,63.272,67.866,71.877,75.716,76.175,76.712,77.339,78.016,78.649,85.978,90.812,91.381,91.782
KAZ,Kazakhstan,44.198,47.047,50.236,52.564,54.142,56.01,56.266,55.921,56.098,56.463,56.827,57.191,57.671
KEN,Kenya,7.362,8.605,10.295,12.914,15.583,16.079,16.748,18.263,19.892,21.675,23.571,25.658,27.995
KGZ,Kyrgyz Republic,34.181,35.851,37.466,38.186,38.627,38.377,37.777,36.349,35.298,35.29,35.306,35.777,36.856
KHM,Cambodia,10.285,10.83,15.97,4.477,9.898,13.931,15.546,17.311,18.586,19.174,20.294,22.188,24.232
KIR,Kiribati,16.29,19.625,24.088,29.606,32.284,33.541,34.987,36.409,42.958,43.551,47.39,51.619,55.594
KNA,St. Kitts and Nevis,27.644,30.855,34.141,35.027,35.882,35.243,34.609,33.715,32.778,32.028,31.322,30.827,30.843
KOR,South Korea,27.71,32.351,40.704,48.033,56.72,64.876,73.844,78.239,79.621,81.345,81.936,81.634,81.414
KWT,Kuwait,74.893,79.273,85.661,89.384,94.781,97.903,97.974,98.096,99,100,100,100,100
LAO,Lao,7.946,8.323,9.625,11.081,12.377,13.804,15.437,17.378,21.977,27.186,30.064,33.108,36.29
LBN,Lebanon,42.343,50.935,59.475,66.978,73.672,79.422,83.12,84.82,86,86.627,87.334,88.106,88.925
LBR,Liberia,18.632,22.108,26.025,30.382,35.167,42.373,55.422,45.96,44.331,46.051,47.813,49.82,52.089
LBY,Libya,27.323,33.666,49.671,62.785,70.094,75.45,75.723,75.994,76.387,77.08,78.052,79.27,80.691
LCA,St. Lucia,21.46,22.66,23.907,25.2,26.54,27.923,29.349,28.765,27.774,23.085,18.45,18.515,18.841
LIE,Liechtenstein,20.437,19.471,18.453,18.324,18.274,17.619,16.928,16.482,15.13,14.739,14.464,14.303,14.416
LKA,Sri Lanka,16.431,17.11,17.598,18.097,18.607,18.613,18.535,18.458,18.38,18.303,18.226,18.256,18.713
LSO,Lesotho,3.512,6.366,8.608,10.822,11.45,11.752,13.967,16.955,19.548,22.249,24.798,26.908,29.028
LTU,Lithuania,39.46,44.45,49.555,55.685,61.158,65.038,67.583,67.285,66.986,66.635,66.757,67.23,68.046
LUX,Luxembourg,69.556,71.958,74.374,77.297,80.042,80.669,80.947,82.893,84.216,86.598,88.547,90.179,91.453
LVA,Latvia,52.867,56.832,60.713,64.157,67.095,68.56,69.25,68.75,68.067,68,67.841,67.98,68.315
MAR,Morocco,29.357,31.862,34.477,37.714,41.21,44.779,48.391,51.692,53.335,55.174,58.018,60.809,63.532
MCO,Monaco,100,100,100,100,100,100,100,100,100,100,100,100,100
MDA,Moldova,23.424,27.566,32.068,36.222,40.387,44.176,46.762,46.294,44.589,42.775,42.62,42.49,42.849
MDG,Madagascar,10.642,12.379,14.1,16.334,18.524,20.933,23.566,25.796,27.121,28.814,31.938,35.193,38.534
MDV,Maldives,11.173,11.458,11.893,17.304,22.25,25.491,25.84,25.638,27.706,33.75,36.434,38.529,40.669
MEX,Mexico,50.753,54.931,59.021,62.759,66.339,68.95,71.419,73.368,74.722,76.308,77.815,79.285,80.731
MHL,Marshall Islands,35.584,42.663,53.492,60.632,58.298,61.945,65.054,66.727,68.58,71.138,73.568,75.811,77.794
MKD,North Macedonia,34.02,40.355,47.079,50.569,53.469,55.696,57.789,59.587,58.548,57.532,57.089,57.408,58.482
MLI,Mali,11.066,12.608,14.33,16.244,18.484,21.013,23.322,25.519,28.356,32.06,35.999,39.991,43.909
MLT,Malta,90.129,89.825,89.699,89.742,89.785,89.828,90.381,90.946,92.368,93.645,94.072,94.414,94.744
MMR,Myanmar,19.226,20.971,22.83,23.922,23.973,24.381,25.243,26.124,27.025,27.946,28.885,29.858,31.141
MNE,Montenegro,18.788,22.566,26.853,31.622,36.813,42.325,48.037,53.365,58.544,62.465,64.14,65.806,67.488
MNG,Mongolia,35.679,42.114,45.052,48.656,52.083,55.04,57.033,56.805,57.133,62.494,67.567,68.23,68.657
MOZ,Mozambique,6.868,7.86,8.99,10.869,13.158,18.326,25,27.495,29.098,29.999,31.83,34.4,37.074
MRT,Mauritania,6.88,10.09,14.564,20.569,27.371,34.994,39.323,38.705,38.091,42.111,46.588,51.089,55.327
MUS,Mauritius,35.111,38.767,42.556,43.443,42.351,42.325,43.9,43.284,42.67,42.112,41.555,41,40.76
MWI,Malawi,4.39,4.908,6.053,7.652,9.05,10.163,11.56,13.263,14.61,15.054,15.544,16.313,17.427
MYS,Malaysia,26.598,29.913,33.454,37.652,42.044,45.893,49.794,55.688,61.977,66.594,70.912,74.213,77.16
NAM,Namibia,17.909,20.035,22.292,23.651,25.066,26.366,27.656,29.813,32.373,36.632,41.616,46.9,52.033
NER,Niger,5.793,6.809,8.794,11.419,13.443,14.536,15.368,15.773,16.186,16.242,16.221,16.247,16.626
NGA,Nigeria,15.41,16.551,17.76,19.78,21.97,25.635,29.68,32.205,34.84,39.074,43.48,47.838,51.958
NIC,Nicaragua,39.581,42.707,47.03,48.898,50.292,51.684,53.075,54.437,55.185,55.935,56.917,57.895,59.012
NLD,Netherlands,59.752,60.753,61.663,63.183,64.745,66.719,68.684,72.809,76.795,82.63,87.134,90.173,92.236
NOR,Norway,49.92,57.568,65.396,68.187,70.545,71.31,71.956,73.787,76.02,77.675,79.102,81.091,82.974
NPL,Nepal,3.48,3.737,3.956,4.83,6.091,7.386,8.854,10.883,13.397,15.149,16.768,18.557,20.576
NRU,Nauru,100,100,100,100,100,100,100,100,100,100,100,100,100
NZL,New Zealand,75.998,78.891,81.106,82.774,83.428,83.673,84.742,85.553,86.021,86.341,86.16,86.341,86.699
OMN,Oman,16.4,22.338,29.665,38.213,47.562,57.079,66.102,71.669,71.569,72.4,75.161,81.35,86.276
PAK,Pakistan,22.104,23.511,24.817,26.341,28.066,29.344,30.576,31.836,32.982,33.982,34.997,36.026,37.165
PAN,Panama,41.249,44.431,47.64,49.038,50.447,52.143,53.903,58.141,62.198,63.682,65.14,66.696,68.414
PER,Peru,46.811,51.868,57.406,61.461,64.574,66.864,68.901,70.951,73.042,75.034,76.43,77.357,78.297
PHL,Philippines,30.297,31.604,32.979,35.56,37.456,42.235,46.986,46.56,46.135,45.71,45.332,46.284,47.408
PLW,Palau,56.823,58.276,59.715,61.138,62.542,67.38,69.593,71.431,70.338,71.152,74.817,78.159,80.988
PNG,Papua New Guinea,3.725,5.47,9.796,11.93,13.047,13.998,14.994,14.081,13.204,13.109,13.019,13.012,13.345
POL,Poland,47.892,50.126,52.125,55.28,58.086,59.942,61.27,61.493,61.716,61.452,60.892,60.278,60.043
PRK,North Korea,40.195,45.091,54.2,56.7,56.9,57.644,58.384,59.018,59.412,59.805,60.377,61.277,62.381
PRT,Portugal,34.955,36.866,38.804,40.779,42.785,45.298,47.915,51.109,54.399,57.522,60.567,63.514,66.31
PRY,Paraguay,35.569,36.243,37.065,38.981,41.688,44.983,48.694,52.131,55.331,57.633,59.261,60.75,62.183
PSE,Palestine,44.044,48.898,54.298,59.6,62.388,65.095,67.709,70.216,71.969,73.061,74.149,75.368,76.719
QAT,Qatar,85.275,87.054,88.354,88.909,89.363,90.1,92.786,94.998,96.311,97.396,98.501,98.945,99.235
ROU,Romania,34.209,37.697,40.319,42.831,46.07,49.641,53.217,53.769,53.004,53.174,53.829,53.887,54.194
RUS,Russia,53.731,58.173,62.471,66.427,69.751,71.923,73.394,73.372,73.35,73.463,73.687,74.05,74.754
RWA,Rwanda,2.6,2.882,3.194,3.998,4.721,5.057,5.416,9.837,14.926,16.912,16.934,17.004,17.432
SAU,Saudi Arabia,31.25,38.769,48.669,58.349,65.86,72.647,76.583,78.67,79.848,80.979,82.084,83.18,84.287
SDN,Sudan,10.746,13.373,16.523,18.943,19.959,22.937,28.61,32.232,32.495,32.76,33.089,33.894,35.253
SEN,Senegal,23,26.351,30,33.693,35.769,37.549,38.896,39.606,40.32,41.714,43.773,45.862,48.122
SGP,Singapore,100,100,100,100,100,100,100,100,100,100,100,100,100
SLB,Solomon Islands,5.768,7.245,8.917,9.125,10.576,12.433,13.677,14.664,15.813,17.832,20.048,22.36,24.67
SLE,Sierra Leone,17.352,20.379,23.969,27.729,29.819,31.997,33.252,34.429,35.626,36.919,38.856,40.829,42.923
SLV,El Salvador,38.354,38.931,39.439,41.551,44.099,46.677,49.274,53.988,58.912,61.648,65.452,69.7,73.444
SMR,San Marino,48.9,54.402,59.8,71.484,81.231,88.291,90.4,91.664,93.44,94.453,95.74,96.739,97.499
SRB,Serbia,29.064,34.202,39.744,43.128,46.146,48.341,50.393,51.651,52.769,53.883,54.993,55.696,56.446
SSD,South Sudan,8.748,8.69,8.633,8.576,8.519,9.844,13.276,15.873,16.504,17.154,17.86,18.852,20.199
STP,Sao Tome and Principe,16.073,21.833,29.518,31.639,33.482,38.049,43.648,48.631,53.424,59.165,64.952,70.174,74.354
SUR,Suriname,47.26,47.109,45.948,53.749,64.96,65.334,65.706,66.076,66.444,66.682,66.344,66.056,66.149
SVK,Slovak Republic,33.464,37.043,41.057,46.257,51.638,54.176,56.491,56.537,56.233,55.563,54.685,53.889,53.76
SVN,Slovenia,28.204,32.497,37.004,42.374,48.045,49.584,50.39,50.622,50.754,51.533,52.658,53.781,55.118
SWE,Sweden,72.49,77.056,81.034,82.73,83.087,83.1,83.1,83.824,84.026,84.319,85.056,86.553,87.977
SWZ,Eswatini,3.913,6.494,9.705,14.004,16.478,18.266,20.202,22.286,22.686,22.038,22.48,23.3,24.171
SYC,Seychelles,27.673,33.123,39.068,46.266,49.366,49.292,49.27,49.633,50.433,51.67,53.336,55.4,57.546
SYR,Syria,36.807,40.006,43.345,45.061,46.708,47.891,48.931,50.104,51.947,53.782,55.6,52.168,55.475
TCD,Chad,6.695,8.406,11.568,15.566,18.787,19.779,20.811,21.473,21.637,21.801,21.985,22.515,23.52
TGO,Togo,10.098,14.95,21.28,22.927,24.663,26.562,28.589,30.705,32.907,35.185,37.533,40.1,42.8
THA,Thailand,19.672,20.221,20.889,23.758,26.791,28.095,29.424,30.276,31.386,37.411,43.856,47.694,51.43
TJK,Tajikistan,33.168,35.152,36.876,35.536,34.289,33.235,31.658,28.877,26.501,26.51,26.52,26.742,27.506
TKM,Turkmenistan,46.412,47.139,47.78,47.557,47.078,45.976,45.075,44.794,45.913,47.052,48.491,50.317,52.516
TLS,Timor-Leste,10.091,11.353,12.886,14.593,16.483,18.563,20.842,22.534,24.263,26.041,27.732,29.49,31.32
TON,Tonga,17.552,19.499,20.187,20.337,21.154,22.268,22.704,22.864,23.012,23.155,23.389,23.275,23.099
TTO,Trinidad and Tobago,34.155,38.498,43.035,47.691,52.284,53.205,54.124,55.04,55.905,54.967,54.025,53.319,53.214
TUN,Tunisia,37.511,39.724,43.482,47.588,50.569,53.839,57.946,61.474,63.432,65.237,66.657,68.056,69.568
TUR,Turkey,31.515,34.227,38.234,41.586,43.78,52.448,59.203,62.123,64.741,67.84,70.825,73.611,76.105
TUV,Tuvalu,15.895,18.793,22.081,25.761,29.822,34.251,40.661,43.97,46.018,49.699,54.796,59.73,64.014
TZA,Tanzania,5.246,6.03,7.852,11.146,14.555,16.767,18.884,20.543,22.309,24.845,28.114,31.617,35.227
UGA,Uganda,4.417,5.509,6.664,7.04,7.534,9.152,11.076,12.846,14.786,16.96,19.383,22.06,24.954
UKR,Ukraine,46.792,50.649,54.831,58.389,61.693,64.681,66.757,66.951,67.145,67.79,68.596,69.061,69.608
URY,Uruguay,80.241,81.328,82.368,83.387,85.394,87.194,88.973,90.542,92.028,93.319,94.414,95.045,95.515
USA,USA,69.996,71.879,73.602,73.653,73.738,74.494,75.3,77.257,79.057,79.928,80.772,81.671,82.664
UZB,Uzbekistan,33.978,35.289,36.714,39.087,40.782,40.722,41.365,43.731,46.126,48.537,50.956,50.75,50.416
VCT,St. Vincent and the Grenadines,25.943,28.252,30.683,33.225,35.87,38.602,41.409,43.38,45.186,47.032,48.961,50.964,53.032
VEN,Venezuela,61.613,67.022,71.852,75.786,79.185,81.925,84.284,86.014,87.559,87.954,88.083,88.154,88.279
VNM,Vietnam,14.7,16.421,18.3,18.782,19.247,19.561,20.257,22.166,24.374,27.281,30.417,33.809,37.34
VUT,Vanuatu,10.404,11.329,12.325,13.395,14.74,16.722,18.715,20.164,21.673,23.099,24.462,24.961,25.525
WSM,Samoa,18.926,19.301,20.353,20.992,21.173,21.2,21.2,21.526,21.977,21.218,20.078,18.914,17.889
YEM,Yemen,9.1,11.026,13.3,14.844,16.534,18.373,20.931,23.76,26.267,28.936,31.776,34.777,37.908
ZAF,South Africa,46.619,47.248,47.809,48.109,48.425,49.372,52.037,54.486,56.891,59.536,62.218,64.828,67.354
ZMB,Zambia,18.145,23.372,30.351,34.934,39.815,39.655,39.407,37.104,34.802,36.911,39.355,41.907,44.629
ZWE,Zimbabwe,12.608,14.62,17.362,19.873,22.371,25.414,28.988,31.732,33.758,34.11,33.196,32.385,32.242
